#NAME?,পর
#NAME?,পর
#NAME?,পর
a,একটি
a bad egg,ফালতু লোক
a bed of roses,পুষ্প শয্যা
a bed of thorns,কণ্টক শয্যা
a bee in one’s bonnet,পাগলাটে ভাব
a bird of passage,ভ্রাম্যমান ব্যক্তি
a bit,কিছু
a black look,রক্ত চক্ষু
a black sheep,কুলাঙ্গার
a bon marche,সস্তায়
a close fisted man,কৃপণ
a far cry,অনেক ব্যবধান
a few,থোড়া
a fish out of water,অস্বস্তিকর অবস্থা
a fool's paradise,মূর্খের স্বর্গ
a foregone conclusion,পূর্বেই অনুমিত ফলাফল
a gala day,আনন্দের দিন
a going concern,লাভজনক প্রতিষ্ঠান বা ব্যবসা
a hard nut to crack,কঠিন সমস্যা
a heart of stone,পাষাণহৃদয়
a household word,অতি পরিচিত
a jail bird,জেল ঘুঘু
a jaundiced eye,বিদ্বেষ ভরা চোখ বা মন
a kind of penance,এক প্রকার প্রায়শ্চিত্ত
a laughing stock,হাস্যকর ব্যাপার বা ব্যক্তি
a letter of acceptance,স্বীকৃতিপত্র
a lift in the lute,মতবিরোধ
a limb of law,আইনজীবী
a little boy,পোঁটা
a lot,প্রচুর পরিমানে
a man in the street,সাধারণ ব্যক্তি
a man of letters,পন্ডিত ব্যক্তি
a man of parts,গুণান্বিত ব্যক্তি
a man of word,এক কথার মানুষ
a means of,মাধ্যম
a measure of time,অনুপল
a meat tea,সান্ধ্যভোজ
a name of shiva,কেদার
a narrow escape,অল্পের জন্য বেঁচে যাওয়া
a piece of cake,সহজলভ্য
a posteriori,আরোহী
a priori,অবরোহী
a propos,প্রাসঙ্গিক
a rainy day,দুর্দিন
a riot of,প্রাচুর্য
a running blow,অবিশ্রান্ত
a sharp look out,সতর্ক নজর
a single combat,মল্লযুদ্ধ
a sleeping partner,অর্থ প্রদানকারী নিষ্ক্রিয় ব্যক্তি
a slow coach,অলস ব্যক্তি
a square meal,ভরপেট আহার
a stone's throw,সন্নিকটে
a whale of a,অঢেল
a white elephant,গরীবের হাতি পোষার মত ব্যয় সাধ্য
a white lie,ডাহা মিথ্যা
a young girl,তরুণী
a-,অপ-
a-bomb,পারমানবিক বোমা
a-going,চালু
aal,তার
aardvark,একটি নলাকার ধরণ মুখের এবং একটি দীর্ঘ জিহ্বা দিয়ে স্তন্যপায়ী
ab,এবি
ab invito,অনিচ্ছুকভাবে
ab-,অব-
aba,আরবদের ব্যবহার্য হাতাবিহীন পোশাক বিশেষ
abacas,গণনা যন্ত্রবিশেষ
abaci,গণনা-যন্ত্রবিশেষ
aback,পিছনে
abacterial,অজীবাণুজনিত
abactor,গোরু - চোর
abactors,গোরু-চোর
abacus,স্তম্ভশীর্ষফলক
abacuses,গণনা-যন্ত্রবিশেষ
abaddon,শয়তান
abaft,পিছন দিক থেকে
abalone,ঝিনুক
abalones,ঝিনুক
aband,তার নিজের প্রদেশ কোনটি
abandon,পরিত্যাগ করা
abandoned,পরিত্যক্ত
abandonee,যে বিমাপ্রতিষ্ঠান ধ্বংসপ্রাপ্ত জাহাজাদি উক্ষারের ভার গ্রহণ করে
abandonees,যে বিমাপ্রতিষ্ঠান ধ্বংসপ্রাপ্ত জাহাজাদি উক্ষারের ভার গ্রহণ করে
abandoning,ত্যাগ
abandonment,বিসর্জন
abandonments,বিসর্জন
abandons,বর্জ
abase,হীন করা
abase oneself,নিজেকে হীন করা
abased,নিচের দিকে - নামানো
abasement,অপমান
abasements,হীনতা
abaser,সর্বাধিক সম্ভ্রান্ত যে সর্বাধিক
abases,হীন করা
abash,কুণ্ঠিত করা
abashed,লজ্জিত
abashes,অপ্রতিভ করা
abashing,অপ্রতিভ করা
abashment,বিভ্রান্তি
abashments,বিভ্রান্তি
abasing,হীন করা
abat-vent,জানালার খড়খড়িবিশেষ
abate,ক্ষীণ করা
abated,কমান
abatement,উপশম
abatements,উপশম
abates,কমান
abating,কমান
abatis,কর্তিত বৃদ্ধনির্মিত প্রতিরোধ - বূ্যহ
abatises,কর্তিত বৃদ্ধনির্মিত প্রতিরোধ-বূ্যহ
abattoir,কসাইখানা
abattoirs,কসাইখানা
abb,পড়েন
abba,পরম পিতা
abbacies,মঠাধ্যক্ষের পদ
abbacy,মঠাধ্যক্ষের এলাকা
abbas,আব্বাস
abbass,এর উপযুক্ত
abbatial,মঠসংক্রান্ত
abbe,ফরাসী ধর্মযাজক বিশেষ
abbess,মঠাধ্যক্ষ
abbesses,মঠাধ্যক্ষ
abbey,মঠ
abbeys,মঠ
abbot,মঠাধ্যক্ষ
abbots,মঠাধ্যক্ষ
abbotship,মঠাধ্যক্ষ
abbreviate,সংক্ষিপ্ত করা
abbreviated,সংক্ষিপ্ত
abbreviates,ছোট করা
abbreviating,কাটছাঁট
abbreviation,সংক্ষেপ
abbreviations,বর্ণমালা
abbs,পড়েন
abc,বর্ণমালা
abdicate,অস্বীকার করা
abdicated,ত্যাগ করা
abdicates,ত্যাগ করা
abdicating,ত্যাগ করা
abdication,পদত্যাগ
abdications,পরিত্যাগ
abdomen,পেট
abdomens,উদর
abdomina,উদর
abdominal,পেটের
abdominous,নাদাপেটা
abducent,সঙ্কোচনশীল
abduct,অপহরণ করা
abducted,অপহরণ
abductee,এরকম
abducting,অপহারক
abduction,অপহরণ
abductions,অপহরণ
abductor,তস্কর
abductores,চোর
abductors,অপহরণকারীরা
abducts,অপহরণ
abdullah,আল্লাহ্র বান্দা
abeam,জাহাজের দৈর্ঘ্যের সমকোণে
abecedarian,প্রাথমিক
abecedarians,প্রাথমিক শিক্ষার্থী
abed,শয্যায়
aberrance,বিচ্যুতির ঘটনা
aberrancy,বিচ্যুতির অবস্থা
aberrant,বিপথগামী
aberrantly,হাস্যকর রকমের ব্যাখ্যাটি
aberrate,বিপথগামী হত্তয়া
aberrated,বিপথগামী হত্তয়া
aberrates,বিপথগামী হত্তয়া
aberrating,বিপথগামী হত্তয়া
aberration,স্খলন
aberrational,কাসাস:
aberrations,স্খলন
abet,ঢাকা দেত্তয়া
abetment,আনুকূল্য
abetments,বিবাদসৃষ্টির স্বভাব
abets,সহায়তা করিলে
abetted,সাহায্য করা
abetter,কুকর্মে সাহায্যকারী
abetters,মানববন্ধনে বাধা দিলে পরিণতি
abetting,পোষক
abettor,পোষক
abettors,মৌল
abeyance,স্থগিতাবস্থা
abeyances,স্থগিতাবস্থা
abhor,ঘৃণাসহকারে পরিহার
abhorred,ঘৃণাসহকারে পরিহার করা
abhorrence,ন্যক্কার
abhorrences,ঘৃণাসহকারে পরিহার
abhorrent,জঘন্য
abhorring,ঘৃণাসহকারে পরিহার করা
abhors,চরমভাবে ঘৃণা
abid,প্রতীক্ষা করা
abidance,পালন
abidances,পালন
abide,বরদাস্ত করা
abide by,মানিয়া চলা
abided,আনুষ্ঠানিক কোনো সভা
abides,মানছে
abiding,মান্যকারী
abidingly,স্থায়িভাবে
abidjan,আবিদজান
abigail,সম্ভ্রান্ত মহিলার পরিচারিকা
abilities,ক্ষমতা
ability,ক্ষমতা
ability to work,কর্মক্ষমতা
abiogeneses,অজীবজনি
abiogenesis,অজীবজনি
abiotic,জীবক্রিয়া
abject,শোচনীয়
abjected,নীচ
abjecting,নীচ
abjection,অপমান
abjections,হীনতা
abjectly,শোচনীয়ভাবে
abjectness,দুর্দশাকে
abjects,নীচ
abjuration,শপথপূর্বক পরিত্যাগ
abjure,শপথপূর্বক পরিত্যাগ করা
abjured,ত্যাগ
abjures,শপথপূর্বক পরিত্যাগ করা
abjuring,শপথপূর্বক পরিত্যাগ করা
abkhazia,আবখাজিয়া
ablate,কেড়ে নেত্তয়া
ablated,কেড়ে নেত্তয়া
ablates,কেড়ে নেত্তয়া
ablating,কেড়ে নেত্তয়া
ablation,অপসারণ
ablations,অপসারণ
ablative,অপাদান
ablatives,পঁচমী বিভক্তি
ablaut,অপশ্রুতি
ablauts,অপশ্রুতি
ablaze,বহ্নিমান
able,সক্ষম
able of making evil,বিকৃত করিতে সক্ষম
able to work,কর্মী
able-bodied,সুস্থ
abled,সক্ষম
abler,সক্ষম
ables,সক্ষম
ablest,মনোযোগের মাত্রা তীব্রতর
abling,সক্ষম
abloom,প্রস্ফুটিত
ablush,সলজ্জ
ablution,ডুব
ablutions,ডুব
ably,দক্ষতার সহিত
abnegate,পরিত্যাগ করা
abnegated,বঁচিত করা
abnegates,বঁচিত করা
abnegating,বঁচিত করা
abnegation,অস্বীকার
abnegations,অস্বীকার
abnormal,অস্বাভাবিক
abnormal creature,বিকটাকার প্রাণী
abnormalcy,অস্বাভাবিকতা
abnormalities,অস্বাভাবিকতা
abnormality,অস্বাভাবিকতা
abnormally,অস্বাভাবিক
abnormals,অস্বাভাবিক
abnormities,অস্বাভাবিকতা
abnormity,অস্বাভাবিকতা
aboard,জাহাজের উপরে
abode,আবাস
abode of gods,অমরধাম
abodes,ঘর
aboil,উত্তাপাদিতে ফুটন্ত অবস্থায়
abolionist,বাতিল করা
abolish,বাতিল করা
abolished,রহিত
abolisher,বাতিল
abolishes,রহিত করা
abolishing,বদলের
abolishment,রদ
abolishments,রদ
abolition,রদ
abolitionist,মৃত্যুদণ্ডবিলোপপন্থী
abolitions,রদ
abominable,জঘন্য
abominable habit,কদাচার
abominable practice,কদাচার
abominate,ঘৃণায় পরিহার করা
abominated,ঘৃণায় পরিহার করা
abominates,ঘৃণায় পরিহার করা
abominating,ঘৃণায় পরিহার করা
abomination,কদর্যতা
abominations,কদর্যতা
aboral,পরাঙ্মুখ
abord,নৌরুটে
aborigen,আদিবাসী
aboriginal,আদিবাসী
aboriginally,দুইজন করে প্রতিনিধি সংলাপে
aboriginals,প্রাসঙ্গিক
aborigine,আদিম অধিবাসী
aborigines,আদিবাসী
aborignal,দেশীয়
abort,গর্ভপাত করান
aborted,বন্ধ্যা - করা
aborted fetus,গর্ভপাত
aborted foetus,গর্ভপাত
aborter,বাতিল
aborting,গর্ভপাত
abortion,গর্ভপাত
abortionist,যে ব্যক্তি গর্ভপাত ঘটায়
abortionists,ফের মুখোশধারীদের বোমা
abortions,গর্ভপাত
abortive,ব্যর্থ
abortively,বৃথা
aborts,গর্ভপাত হত্তয়া
abound,উড়া
abounded,প্রচুর বাস্কেটবল
abounding,উচ্ছ্বাসিত
abounds,উড়া
about,সম্পর্কে
about to,উদ্যত
about to die out,নিবন্ত
about to go out,নিবন্ত
about to weep,কান্দ-কান্দ
about-face,মোড়
about-turn,মোড়
above,উপরে
above all,প্রধানত
above board,ভদ্র
above criticism,সমালোচনার উর্ধ্বে
above ground,জীবন্ত
above one's means,আয়ের অধিক ব্যয়
above one's station,যোগ্যতার উর্ধ্বে
above-mentioned,পূর্বোল্লিখিত
above-named,পূর্বকথিত
aboveboard,অকপট
aboves,উপরে
abp,পর্যায়ক্রমে কিছুক্ষণের জন্য বাঁধা
abracadabra,অবোধ্য বুলি
abrade,ঘষা
abraded,ঘর্ষিত
abrades,ঘষা
abrading,ঘষা
abrasion,ঘর্ষণ
abrasion coin,মুদ্রাধাতুক্ষয়
abrasions,মুদ্রাধাতুক্ষয়
abrasive,ঘষিয়া তুলিয়া ফেলিতে সক্ষম
abrasives,পালিশ
abreaction,অভিস্ফোট
abreast,পাশাপাশি
abridge,সংক্ষেপ করা
abridged,সংক্ষেপিত
abridgement,সীমাবদ্ধতা
abridgements,হ্রাস
abridges,সংক্ষেপ করা
abridging,সংক্ষেপ করা
abridgment,সীমাবদ্ধতা
abridgments,হ্রাস
abrim,কানাই-কানাই ভরতি এমন
abroach,মদ্যাদি বের করার জন্য ছিদ্র করা হয়েছে এমন
abroad,বিদেশে
abroads,বিদেশ
abrogate,রদ করা
abrogated,রহিত
abrogates,পরাভূত মনে
abrogating,ব্র্যাকের
abrogation,রদ
abrogations,বাতিল
abrupt,আকস্মিক
abruption,ছিন্নকরণ
abruptions,ছিন্নকরণ
abruptly,হঠাৎ
abruptness,আকস্মিকতা
abruptnesses,আকস্মিকতা
abscess,ফোড়া
abscessed,পানি খেয়ে
abscesses,ফোড়া
absciss,মোচন
abscissa,ভুজ
abscissae,ভুজ
abscissas,ভুজ
abscission,কর্তন
abscissions,কর্তন
abscond,পলান
absconded,আসামি পলাতক থাকার
absconder,আত্মগোপনকারী
absconders,গতকাল
absconding,পলান
absconds,এই অভিমতের সাথে
absence,অনুপস্থিতি
absence of attachment,অনাসক্ত
absence of delay,অবিলম্ব
absence of desire,অনাকাঙ্ক্ষা
absence of devotion,অভক্তি
absence of interest,অনাসক্তি
absence of light,অন্ধকার
absence of longing,অনাকাঙ্ক্ষা
absence of mind,অমনোযোগিতা
absence of possession,ভক্তিহীনতা
absences,অনুপস্থিতিতে
absent,অনুপস্থিত
absent-minded,অন্যমনস্ক
absent-mindedness,অমনোযোগিতা
absented,শোকর
absentee,অনুপস্থিত ব্যক্তি
absenteeism,অযথা কামাই করার অভ্যাস
absenteeisms,কর্মক্ষেত্রাদিতে অনুপসি্থত থাকার অভ্যাস
absentees,অনুপস্থিত ব্যক্তি
absenter,অনুপস্থিত
absenting,জাদু
absently,অন্যমনস্কভাবে
absents,বারবার ডায়েরি
absinth,বৃক্ষবিশেষ
absinthe,সোমরস
absinthes,বৃক্ষবিশেষ
absinths,বৃক্ষবিশেষ
absit,এখানে
absolute,পরম
absolute being,গুণাতীত
absolutely,একেবারে
absolutely necessary,অত্যাবশ্যক
absoluteness,নিরঙ্কুশ্তা
absolutenesses,নিরঙ্কুশ্তা
absoluter,চরম
absolutes,চরম
absolutest,চরম
absolution,আত্মসমর্থন
absolutions,হেতুপ্রদর্শন
absolutism,স্বৈরতন্ত্র
absolutisms,স্বৈরতন্ত্র
absolutist,স্বৈরতন্ত্রের প্রবক্তা
absolutists,শাহজালাল
absolutizes,লাহিড়ী
absolve,মুক্তিদান করা
absolved,মুক্তিদান করা
absolvent,ক্ষমাপরায়ণ
absolver,ক্ষমাশীল
absolves,মুক্তিদান করা
absolving,না জানলে বুঝবেন
absorb,শুষে নেওয়া
absorbability,শোষণপ্রবণতা
absorbable,শোষণযোগ্য
absorbed,শোষিত
absorbedly,অভিনিবেশসহকারে
absorbencies,নিবিষ্টতা
absorbency,নিবিষ্টতা
absorbent,বিশোষক
absorber,শোষক
absorbers,বিশোষক পদার্থ
absorbing,শোষক
absorbs,শোষণ
absorption,বিশোষণ
absorptions,মাতন
absorptive,বিশোষক
abstain,বিরত থাকা
abstained,শাহেদ
abstainer,মাদকবর্জনকারী
abstaining,বিরত
abstains,গাফেল
abstemious,মিতাচারী
abstemiousness,নিয়তাহর
abstention,নিবৃত্তি
abstentions,নিবৃত্তি
abstergent,পরিষ্কারক পদার্থ
abstergents,পরিষ্কারক পদার্থ
abstersion,পরিষ্করণ
abstersions,পরিষ্করণ
abstient,সংযমী
abstinence,পরিহার
abstinent,পরিহারক
abstract,বিমূর্ত
abstracted,আনমনা
abstractedly,অন্যমনস্কভাবে
abstractedness,বিমূর্তন
abstracter,বিমূর্ত
abstractest,বিমূর্ত
abstracting,নিষ্কাশিত করা
abstraction,বিমূর্তন
abstractions,বিমূর্তন
abstractive,বিমূর্ত হত্তয়া
abstractiveness,বিমূর্তন
abstracts,বিমূর্ত
abstruct,বিমূর্ত
abstruse,দুর্বোধ্য
abstruseness,নিগূঢ়তা
abstruser,দুর্বোধ্য
abstrusest,দুর্বোধ্য
absurd,অযৌক্তিক
absurder,কিম্ভুতকিমাকার
absurdest,কিম্ভুতকিমাকার
absurdities,অর্থহীনতা
absurdity,অর্থহীনতা
absurdly,হাস্যকর
abundance,প্রাচুর্য
abundances,প্রাচুর্য
abundant,প্রচুর
abundantly,প্রচুর পরিমাণে
abune,আর অন্তুর
abuse,অপব্যবহার
abused,কুট্টিত
abuser,গালাগাল
abuses,লংঘনের
abusing,অপব্যবহারের
abusive,অবমাননাকর
abusive words,কুকথা
abusively,কটূক্তিপূর্ণ
abusiveness,ছাত্রীরাও তাদের বক্তব্য দিতো
abut,ঘেঁষা
abutment,মোড়
abutments,কোণার মোড়
abuts,abuts আনয়ন
abutted,সমসীমাযুক্ত হত্তয়া
abutter,সংলগ্ন সম্পত্তির মালিক
abutting,সমসীমাযুক্ত হত্তয়া
abuzz,সক্রিয়
abysm,অতল গহ্বর
abysmal,অতল
abysmally,অসম্ভব
abysms,অতলতা
abyss,নরক
abyssal,গহন
abysses,নরক
abyssinnian,আবিসিনিয়া দেশের লোক
acacia,বাবলা
acacias,বাবলা
academe,কথাবার্তা
academia,একাডেমিয়া
academias,Académias
academic,একাডেমিক
academical,কেতাবি
academicals,বিশ্ববিদ্যালয়ের সভ্য শিক্ষকদের জন্য নির্দিষ্ট পোশাক
academician,বিশ্ববিদ্যালয়ের সভ্য
academicians,শিক্ষাবিদ
academics,শিক্ষাবিদ
academies,পরিষদ
academy,শিক্ষায়তন
academy figure,দলিল
acanthi,বাসকগোত্রীয় বৃক্ষ
acanthus,বাসকগোত্রীয় বৃক্ষ
acanthuses,বাসকগোত্রীয় বৃক্ষ
acarpous,ফল ধরে না এমন
acaulescent,নিষ্কাণ্ড
acca,আমিরিকান চার্টার্ড সারটিফাইড অ্যাকাউনট্যানট্স
accede,রাজী হত্তয়া
acceded,গদিলাভ করা
accedent,অভিগমন
accedes,গদিলাভ করা
acceding,যোগদানকারী
accelerando,রাজিব
accelerate,দ্রুততর করা
accelerated,ত্বরিত
accelerates,খানি
accelerating,ত্বরক
acceleration,ত্বরণ
accelerations,ত্বরণ
accelerator,ত্বরক
accelerators,বেগবর্ধক ব্যক্তি
acceleratory,প্রশাসক ফরিদ
accelerometer,অ্যাকসিলরোমিটারটির
accent,স্বরাঘাত
accented,প্রস্বরিত
accenting,স্বরসঙ্ঘাতসহ উচ্চারণ করা
accents,কথা
accentual,স্বসঙ্ঘাতানুযায়ী
accentuate,উচ্চারণ করা
accentuated,স্বরসঙ্ঘাতসহ উচ্চারণ করা
accentuates,স্বরসঙ্ঘাতসহ উচ্চারণ করা
accentuating,স্বরসঙ্ঘাতসহ উচ্চারণ করা
accentuation,উচ্চারণ
accentuations,উচ্চারণ
accept,গ্রহণ করা
acceptability,গ্রহণযোগ্যতা
acceptabillity,গ্রহণ মূল্য
acceptable,গ্রহণযোগ্য
acceptance,স্বীকৃতি
acceptances,স্বীকৃতি
acceptant,প্রয়োজনীয় গ্রহণযোগ্য
acceptation,গ্রহণ
accepte,গ্রহণ করা
accepted,গৃহীত
accepting,আদান
acceptor,গ্রহণকর্তা
acceptors,স্বীকারকর্তা
accepts,গ্রহণ
access,প্রবেশ
accessable,উপলভ্য
accessaries,অতিরিক্ত বস্তু
accessary,আনুষঙ্গিক
accessed,প্রবেশ
accesses,ব্যবহারের
accessibility,অভিগম্যতা
accessible,সুগম
accessing,অ্যাক্সেস
accession,সংযোজন
accessions,সমীপে গমন
accessorial,অতিরিক্ত
accessories,জিনিসপত্র
accessorizing,অ্যাক্সেসরাইজিং
accessory,আনুষঙ্গিক
accidence,শব্দরুপ
accidences,শব্দরুপ
accident,দুর্ঘটনা
accidental,আপতিক
accidentally,ঘটনাক্রমে
accidentals,দুর্ঘটনাবশত
accidented,দূর্ঘটনা
accidents,দুর্ঘটনা
acclaim,জয়ধ্বনি
acclaimed,প্রশংসিত
acclaimer,প্রশংসা
acclaiming,মডেল দ্বারা নির্দেশিত
acclaims,উচ্চরবে প্রশংসা করা
acclamation,প্রশংসা
acclamations,প্রশংসা
acclimate,নূতন জলবায়ু সহ্য করিতে অভ্যস্ত করান
acclimated,নূতন জলবায়ু সহ্য করিতে অভ্যস্ত করান
acclimates,নূতন জলবায়ু সহ্য করিতে অভ্যস্ত করান
acclimating,নূতন জলবায়ু সহ্য করিতে অভ্যস্ত করান
acclimation,আবহাত্তয়ায় অভ্যস্তকরণ
acclimations,আবহাত্তয়ায় অভ্যস্তকরণ
acclimatisation,অভিযোজন
acclimatise,গার্দিওলার
acclimatization,অভিযোজন
acclimatize,সহান
acclimatized,রপ্ত
acclimatizes,নূতন জলবায়ু সহ্য করিতে অভ্যস্ত করান
acclimatizing,নূতন জলবায়ু সহ্য করিতে অভ্যস্ত করান
acclivities,চড়াই
acclivity,চড়াই
acclivous,ঢালু
accolade,প্রশংসা
accoladed,স্মরণীয়
accolades,প্রশংসা
accommodate,মিটমাট করা
accommodated,সাহায্য
accommodates,মিটমাট করা
accommodating,অমায়িক
accommodation,বাসস্থান
accommodations,আবাসন
accompanied,অনুষঙ্গী
accompanies,সাথে
accompaniment,সঙ্গত
accompaniments,সঙ্গত
accompanist,সঙ্গতবাদক
accompanists,সঙ্গতবাদক
accompany,সহগমন করা
accompanying,সহচারী
accomplice,যোগদানকারী
accomplices,দুষ্কর্মে সহযোগী
accomplish,সাধা
accomplishable,প্রতিপাদ্য
accomplished,সম্পন্ন
accomplisher,মারা যায়
accomplishes,সাধা
accomplishing,পৌঁছনোর
accomplishment,নিষ্পাদন
accomplishments,শিক্ষাদীক্ষা
accord,সঙ্গতি
accord of one's own,স্বেচ্ছায়
accordance,অনুযায়ী
accordances,অনুরূপতা
accordant,সদৃশ
accorded,একমত হত্তয়া
according,অনুযায়ী
according as,অতএব
according to,অনুসারে
according to that,তদনুযায়ী
according to the law,আইনত
accordingly,তদনুসারে
accordion,অ্যাকর্ডিয়ন
accordions,বাদ্যযন্ত্রবিশেষ
accords,চুক্তি
accost,মধ্যে সন্দেহ
accosted,সমীপবর্তী হইয়া সম্বোধন করা
accosting,সম্ভাষণ
accosts,টেবিল ও চেয়ার রয়েছে
accouchement,সন্তানপ্রসবার্থ পোয়াতির শয্যায় শয়ন
accouchements,সন্তানপ্রসবার্থ পোয়াতির শয্যায় শয়ন
accoucheur,যে পুরুষ সন্তানপ্রসব করায়
accoucheurs,যে পুরুষ সন্তানপ্রসব করায়
accoucheuse,ধাই
accoucheuses,যে মহিলা সন্তানপ্রসব করায়
account,হিসাব
account book,হিসাবের খাতা
account holder,হিসাবি
account-general,হিসাব নিকাশ বিভাগের অধ্যক্ষ
accountabilities,জবাবদিহিতা
accountability,দায়িত্ব
accountable,দায়ী
accountancies,গণিতকবিদ্যা
accountancy,গণিতকবিদ্যা
accountant,হিসাবরক্ষক
accountants,হিসাবরক্ষক
accounted,দায়ী
accounter,অ্যাকাউন্ট
accounting,হিসাবরক্ষণ
accounting cost,হিসাব
accountings,সমাবেশে
accounts,অ্যাকাউন্ট
accoutre,সজ্জিত করা
accoutred,সজ্জিত করা
accoutrement,সাজসজ্জা
accoutres,সজ্জিত করা
accoutring,সজ্জিত করা
accredit,কৃতিত্ব আরোপ করা
accreditation,স্বীকৃতি
accredited,সর্বজনস্বীকৃত
accredited agent,ক্ষমতাপ্রাপ্ত প্রতিনিধি
accrediting,কৃতিত্ব আরোপ করা
accredits,কৃতিত্ব আরোপ করা
accrescent,ক্রমবদ্র্ধিত
accrete,জুড়ে যাত্তয়া
accreted,উপলিপ্ত
accretes,জুড়ে যাত্তয়া
accreting,না পারলেও
accretion,পরিবৃদ্ধি
accretions,পুষ্টি
accretive,ক্রমবদ্র্ধিত
accrual,বৃদ্ধি
accruals,সেনাবাহিনী না
accrue,জমা
accrued,জমা
accrues,জমা
accruing,উপচয়
acculturate,অন্য সংস্কৃতির সঙ্গে খাপ খাইয়ে নেওয়া
acculturated,শিল্পী তপন
acculturation,সাংস্কৃতিক অভিযোজন
accumbent,অর্ধশয়ান
accumulate,স্তূপাকার করা
accumulated,জমা
accumulates,সংগ্রহ করা
accumulating,সঁচায়ক
accumulation,আহরণ
accumulations,সঞ্চয়ন
accumulative,পুঁজিভবনশীল
accumulator,সঁচায়ক
accumulators,সঁচায়ক
accuracies,সঠিকতা
accuracy,সঠিকতা
accurate,সঠিক
accurately,সঠিক
accursed,অভিশপ্ত
accurst,দুর্ভাগা
accusable,অনুযোগ্য
accusal,অভিযোগ
accusals,অভিযোগ
accusation,অভিযোগ
accusations,অভিযোগ
accusative,দ্বিতীয়া - বিভক্তি
accusatives,দ্বিতীয়া-বিভক্তি
accusatorial,অভিযোক্তা - সংক্রান্ত
accusatory,অভিযোগাত্মক
accuse,অভিযুক্ত করা
accused,অভিযুক্ত
accuser,ফরিয়াদী
accusers,অভিযোগকারীরা
accuses,অভিযুক্ত করে
accusing,অভিযুক্ত করলেও
accusingly,অভিযোগের সুরে
accustom,অভ্যস্ত করা
accustomed,অভ্যস্ত
accustoming,অভ্যস্ত করা
accustoms,অভ্যস্ত করা
ace,টেক্কা
acedia,কুড়েমি
acephalous,মস্তকহীন
acerate,তিক্ত করা
acerbate,উত্ত্যক্ত করা
acerbated,তিক্ত করা
acerbates,তিক্ত করা
acerbating,তিক্ত করা
acerbities,তিক্ততা
acerbity,কটু স্বাদ
acerola,অ্যাসেরোলা
aces,টেক্কা
acetabula,অঙ্কন অজানা
acetaminophen,এ্যাসিটামিনোফেন
acetate,সির্কাম্লদ্বারা জারিত করা
acetated,সির্কাম্লদ্বারা জারিত
acetates,HDL কে গুড
acetazolamide,সবাই মিলে আবার হাসি
acetic,সির্কাম্লযুক্ত
acetified,সির্কাম্লে পরিণত করা
acetifies,সির্কাম্লে পরিণত করা
acetify,সির্কাম্লে পরিণত করা
acetifying,সির্কাম্লে পরিণত করা
acetone,রংবিহিন একধরনের মিশ্রিত তরল জৈবপদার্থ
acetous,টক
acetyl,এসিটায়েল
acetylation,তিনটা প্রজাতির
acetylene,একরকম বর্ণহীন হাইড্রোকার্বন গ্যাস
acetylenes,উজ্জ্বল শিখাযুক্ত বর্ণহীন গ্যাসবিশেষ
acharya,আচার্য
acharyas,দেবযানী:
ache,ব্যাথা
ached,দীর্ঘস্থায়ী বেদনা ভোগ করা
aches,ব্যাথা
achievable,সাধনযোগ্য
achieve,অর্জন করা
achieved,অর্জন
achievement,কৃতিত্ব
achievements,সাফল্য
achiever,অর্জন
achievers,অর্জনকারী
achieves,অর্জন করা
achieving,অর্জন
aching,ধরা
achromat,অবার্ণ লেনস
achromatic,অবার্ণ
achromatically,বর্ণবিকারমুক্তভাবে
achromaticity,বর্ণবিকারহীনতা
achromatism,বিবর্ণতা
acicular,সূচ্যাকার
acid,অ্যাসিড
acid taste,অম্বল
acid test,চরম পরীক্ষা
acider,এসিড
acidest,এসিড
acidic,আম্লিক
acidification,অম্লীকরণ
acidifications,অম্লীকরণ
acidified,আম্লিক
acidifies,অম্লে পরিণত করা
acidify,টকান
acidifying,অম্লে পরিণত করা
acidities,অম্লতা
acidity,অম্লতা
acidophils,অ্যাসিডোফিল
acidosis,রক্তে অম্লাধিক্যজনিত বিকার
acids,অ্যাসিড
acidulate,ঈষৎ অম্লযুক্ত করা
acidulated,সামান্য টক্
acidulous,সামান্য টক্
acidy,ঠক্ঠকিয়া
acinar,বর্তমান আমেরিকান
ack-ack,বিমানবিধ্বংসী কামান
acknow,জানার
acknowledge,স্বীকার করা
acknowledged,স্বীকৃত
acknowledgement,স্বীকৃতি
acknowledgement receipt,রসিদ
acknowledgement slip,রসিদ
acknowledger,স্বীকার
acknowledges,স্বীকার
acknowledging,স্বীকার
acknowledgment,স্বীকৃতি
acknowledgments,স্বীকৃতিসমূহ
aclinic,অনুভূমিক
acme,চূড়া
acmes,চূড়া
acne,ব্রণ
acnes,ব্রণ
acock,সামনের দিকের এক পাশের কানা টানিয়া দিয়া
acoite,কুচিলা
acolyte,সহকারী
acolytes,খ্রীষ্টীয় গির্জার অধস্তন কর্মচারী
aconite,কুচিলা
aconites,কুচিলা
acorn,ওক গাছের ফল
acorns,ত্তক্ বৃক্ষের ফল
acoustic,শাব্দ
acoustical,ধ্বনিতাত্বিক
acoustics,শ্রবণশক্তি
acquaint,পরিচিত করান
acquaint oneself,পরিচয় করা
acquaint with,জানান
acquaintance,জানাশোনা
acquaintances,পরিচিতদের
acquainted,পরিচিত
acquainting,পরিচিত করান
acquaints,পরিচিত করান
acquiesce,বিনা আপত্তিতে মেনে নেওয়া
acquiesced,মৌনসন্মতি দেত্তয়া
acquiescence,মৌনসন্মতি
acquiescences,অনুমতি
acquiescent,মৌনসন্মতিপূর্ণ
acquiesces,সনের
acquiescing,মৌনসন্মতি দেত্তয়া
acquirable,অধিগম্য
acquire,অর্জন করা
acquired,অর্জিত
acquired habit,অভ্যাস
acquirement,লব্ধি
acquirements,বিদ্যা
acquires,অর্জন করা
acquiring,অর্জন
acquisition,অর্জন
acquisitions,অধিগ্রহণ
acquisitive,অর্জনক্ষম
acquit,বেকসুর খালাস দেওয়া
acquite,বেকসুর খালাস দেওয়া
acquits,বেকসুর খালাস দেত্তয়া
acquittal,বেকসুর খালাস
acquittals,বেকসুর খালাস
acquittance,প্রাপ্তিসূচক রসিদ
acquitted,খালাসী
acquitting,বেকসুর খালাস দেত্তয়া
acre,একর
acreage,মোট খেতের পরিমাণ
acreages,মোট ভূসম্পত্তির পরিমাণ
acred,একর
acres,জমি
acrid,কটু
acridities,ধার
acridity,ঝাঁজ
acrimonies,মেজাজ আচরণ ভাষা প্রভৃতির রুক্ষতা
acrimonious,বদমেজাজি
acrimony,মেজাজের রুক্ষতা
acriomony,বদমেজাজ
acrobat,মল্ল
acrobatic,মত পরিবর্তন করে এমন
acrobatic feat,কসরত
acrobatics,দড়াবাজি
acrobats,দড়াবাজিকর
acroboat,দড়বাজিকর
acronym,অন্য শব্দের আদ্যক্ষর দ্বারা গঠিত শব্দ
acronyms,আদ্যক্ষরসমস্টি
acropetal,মূলদেশ হতে ক্রমশঃ ঊর্ধ্বদিকে বৃদ্ধিশীল
acrophobia,উচ্চতা সম্পর্কে ভীষণ ভীতি
acrophobias,উচ্চতা সম্পর্কে ভীষণ আতঙক
acropolis,গ্রীসের নগরদুর্গ
acropolises,গ্রীসের নগরদুর্গ
across,আড়াআড়ি
acrostic,চিত্র করা
acrostics,ছন্দোবন্ধ ধাঁধাবিশেষ
acrylamide,বিকালে জুডিশিয়াল ম্যাজিস্ট্রেট
acrylic,এক্রাইলিক
acrylics,এক্রাইলিক
act,আইন
act foolishly,মূর্খের ন্যায় আচরণ করা
act of,কাজ
act of god,বিধির বিধান
act of teaching,অধ্যাপনা
act up,কলহ করা
acta,অ্যাক্টা
acted,অভিনীত
acting,অভিনয়
actings,অভিনয়
actinic,বিকারক
actinides,অ্যাকটিনাইডস
actinism,বিকারক ধর্ম
actinium,তেজস্ক্রিয় মৌল
actinomycetes,অ্যাক্টিনোমাইসিটিস
action,কর্ম
action of law,ফরিয়াদ
actionable,অভিযোগ্য
actioned,ক্রিয়া
actioner,ক্রিয়া
actioners,কাজেও
actioning,ক্রিয়া
actions,কর্ম
activate,সক্রিয় করা
activated,সক্রিয়
activates,অনাদিকাল
activating,সক্রিয়
activation,সক্রিয়করণ
activations,সক্রিয়করণব্যবস্থা
active,সক্রিয়
actively,সক্রিয়ভাবে
activeness,যেগুলো নিয়ে
actives,সক্রিয়
activism,সক্রিয়তাবাদ
activist,সক্রিয় কর্মী
activists,কর্মী
activities,ক্রিয়াকলাপ
activity,কার্যকলাপ
activize,উদ্যত করা
actor,অভিনেতা
actors,অভিনেতা
actress,অভিনেত্রী
actresses,অভিনেত্রী
acts,ঘটনা
acts and deeds,কার্যকলাপ
actual,আসল
actualisation,বাস্তবায়ন
actualise,বাস্তবে পরিণত করা
actualised,বাস্তবে পরিণত করা
actualises,বাস্তবে পরিণত করা
actualising,চাদর আসবে
actualist,বাস্তববাদী"
actualite,Actualité
actualites,Actualités
actualities,সত্য
actuality,বাস্তবতা
actualization,বাস্তবায়ন
actualize,বাস্তবে পরিণত করা
actualized,বাস্তবে পরিণত করা
actualizes,বাস্তবে পরিণত করা
actualizing,কাজটি
actually,প্রকৃতপক্ষে
actuals,? বরং
actuarial,বিমার
actuarially,কণ্ঠ্য দড়াদড়ি
actuaries,বিমা-পরতালক
actuary,বিমা - গাণনিক
actuate,সক্রিয় করা
actuated,সক্রিয় করা
actuates,সক্রিয় করা
actuating,সক্রিয় করা
acuities,তীক্ষ্নতা
acuity,তীক্ষ্নতা
aculeate,কাঁটার ন্যায় বিদ্ধ করা এমন
aculei,যাও মৌমাছি কাঁটা ফোটা
acumen,অন্তর্দৃষ্টি
acumens,সূক্ষ্ম বিচারশক্তি
acuminate,শান দেত্তয়া
acuminated,দীর্ঘাগ্র
acuminates,শান দেত্তয়া
acuminating,শান দেত্তয়া
acupuncture,আকুপাংচার
acupunctures,চিকিত্সার্থে মানবদেহের কলাসমূহ সূক্ষ্ম সুচি দ্বারা বিদ্ধকরণ
acute,তীব্র
acutely,কঠোরভাবে
acuteness,সূক্ষ্মদর্শিতা
acuter,তীক্ষ্ণ
acutes,তীক্ষ্ণ
acutest,তীব্র
acyclovir,সূরা
ad,বিজ্ঞাপন
ad interim,আপাতত
ad lib,চটজলদি
ad measurement,পরিমাপ
ad verbum,হুবহু
ad-hoc,অ্যাড
adage,প্রবচন
adages,প্রবাদবাক্য
adagio,ঢিমা
adagios,ঢিমা তাল
adam,বাইবেল অনুসারে প্রথম বা আদি নর
adam's ale,জল
adam's ale or wine,জল
adam's apple,কণ্ঠা
adam's wine,জল
adamance,মনের দুয়ার
adamant,হীরক
adamantine,অভেদ্য
adamantly,কঠোরভাবে
adamants,হীরক
adamite,দিগম্বর
adapatation,অভিযোজন
adapt,খাপ খাওয়ানো
adaptabilities,উপযোগীকরণ
adaptability,উপযোগীকরণ
adaptable,অভিযোজ্য
adaptation,অভিযোজন
adaptations,অভিযোজনের
adapted,অভিযোজিত
adapter,এডাপটার
adapters,অ্যাডাপ্টার
adapting,অভিযোজিত
adaption,ধারনের ধরন
adaptive,অভিযোজিত
adaptively,পংক্তি বা কোন int
adaptiveness,হঠাত্ বিষণ্ন
adaptor,এডাপটার
adaptors,অ্যাডাপ্টার
adapts,আত্তীকরণ
add,যোগ করা
add up,মোট দেত্তয়া
addax,উত্তর আফ্রিকার বাঁকা শিংওয়ালা বৃহত্ কৃষ্ণসার হরিণ
added,যোগ
addenda,অভিযোজ্য বস্তু
addendum,সংযোজন
addendums,এডেনডামস
adder,যোজক
adders,পরিশিষ্ট
addict,উপসেবক
addicted,আসক্ত
addicting,ভালবাসা
addiction,ঝোঁক
addictions,আসক্তিসমূহ
addictive,আসক্তি
addicts,আসক্ত
adding,যোগ
addition,উপরন্তু
additional,অতিরিক্ত
additionality,উপর অতিরিক্ত
additionally,উপরন্তু
additions,সংযোজন
additions and alterations,রদবদল
additive,যোজনীয়
additives,বিশেষ উদ্দেশ্যে সংযোজনের বস্তু
addle,ঘোলা
addle-brained,স্থূলবুদ্ধি
addle-head,স্থূলবুদ্ধি ব্যক্তি
addle-headed,স্থূলবুদ্ধি
addle-pated,স্থূলবুদ্ধি
addled,ঘোলা
addlement,বিশৃঙ্খলা
addles,ঘোলা করা
addling,ঘোলা করা
address,ঠিকানা
addressbook,ঠিকানা বই
addressed,উদ্দেশ্য
addressee,পত্রের প্রাপক
addressees,পত্রের প্রাপক
addresser,আহ্বায়ক
addressers,আহ্বায়ক
addresses,ঠিকানা
addressing,সম্ভাষণ
adds,যোগ করে
adduce,প্রমাণ স্বরূপ উল্লেখ করা
adduced,বিষয়টি আদৌ
adducent,অন্তর্মুখে সমকেন্দ্র্রের দিকে আকর্ষণ করে এমন
adduces,belfry মত
adducible,উপস্থাপনযোগ্য
adducing,প্রমাণ স্বরূপ উল্লেখ করা
adduction,বলন
adductions,বিবৃত
adenoids,গলরসগ্রন্থি
adenosine,এডিনসিন
adenoviral,এডিনো
adenovirus,এডিনো
adenoviruses,এডিনোভাইরাস
adept,সুদক্ষ
adeptness,পারদর্শিতা
adepts,বিশেষজ্ঞ
adequacies,অনুরূপতা
adequacy,সাদৃশ্য
adequate,পর্যাপ্ত
adequately,পর্যাপ্তরূপে
adequation,অনুরূপতা
adhere,লেগে থাকা
adhered,আঁটিয়া লাগিয়া থাকা
adherence,আনুগত্য
adherent,অনুগত
adherents,অনুগামী
adheres,দৃঢ় সংলগ্ন
adhering,লগ্ন
adhering to,নিবদ্ধ
adhesion,আনুগত্য
adhesions,আনুগত্য
adhesive,আঠালো
adhesiveness,চিট
adhesives,চিটে
adhoc,বিশেষ উদ্দেশে গঠিত
adiabatic,রুদ্ধতাপীয়
adieu,বিদায়
adieus,বিদায়
adieux,বিদায়
adipose,মেদ
adiposity,মেদবহুলতা
adit,সুড়ঙ্গপথ
adits,সুড়ঙ্গপথ
adivasis,আদিবাসী
adjacence,আনন্তর্য
adjacences,আনন্তর্য
adjacencies,সন্নিহিত অবস্থা
adjacency,অন্তিক
adjacent,সন্নিহিত
adjacently,ভালো হলেই
adjacents,সংলগ্ন
adjectival,গুণবাচক
adjective,বিশেষণ
adjectives,বিশেষণ
adjoin,সংলগ্ন করা
adjoined,সংযুক্ত করা
adjoining,সংলগ্ন
adjoins,সংযুক্ত করা
adjourn,স্থগিত রাখা
adjourned,মুলতুবী
adjourning,মুলতুবি
adjournment,স্থগিতকরণ
adjournments,বিনম্র
adjourns,পরিপন্থী কাজ
adjudge,ঠিক করা
adjudged,সাব্যস্ত
adjudgement,কারাদণ্ড
adjudges,বিচারপূর্বক স্থির করা
adjudging,বিচারপূর্বক স্থির করা
adjudgment,কারাদণ্ড
adjudgments,দেত্তয়া
adjudicate,ন্যায়নির্ণয় করা
adjudicated,অভি
adjudicates,বিচারপূর্বক স্থির করা
adjudicating,সমূহের বিচারের
adjudication,ফয়সালা
adjudications,রায়দান
adjudicator,ন্যায়নির্ণায়ক
adjudicators,রায়ে নিবন্ধন
adjunct,উপরি
adjunction,ক্রোড়পত্র
adjunctions,ক্রোড়পত্র
adjuncts,যোজন
adjuration,হলফ
adjurations,প্রতিজ্ঞা
adjure,সনির্বন্ধ অনুরোধ করা
adjured,সনির্বন্ধ অনুরোধ করা
adjures,সনির্বন্ধ অনুরোধ করা
adjuring,সনির্বন্ধ অনুরোধ করা
adjust,সমন্বয় করা
adjustable,নিয়মিত
adjusted,নিয়মিত
adjuster,ফিটার
adjusters,ফিটার
adjusting,সামঞ্জস্য
adjustment,সমন্বয়
adjustments,সমন্বয়
adjusts,সমন্বয় করা
adjutant,হাড়গিলা - পাখি
adjutant bird,হাড়গিলা-পাখি
adjutants,সেনাপতির সহকরিবিশেষ
adjuvant,সহযোগিতা
adjuvants,সাহায্য
adman,বিজ্ঞাপন - ব্যবসায়ী
admass,জণসাধারণের যে অংশ বিজ্ঞাপন প্রভৃতি দ্বারা সহজেই প্রভাবিত হয়
admeasure,ভরণপোষণ করা
admeasured,ভরণপোষণ করা
admeasures,ভরণপোষণ করা
admeasuring,ভরণপোষণ করা
admin,অ্যাডমিন
administer,তদারকি করা
administer oath,শপথ করানো
administered,শাসিত
administering,প্রতিপালন করা
administers,পরিচালনা
administrate,শাসন ​​করা
administrated,পরিচালিত
administrates,শাসন করা
administrating,ব্যবস্থাপনার
administration,প্রশাসন
administrations,প্রশাসকদের
administrative,প্রশাসনিক
administrator,প্রশাসক
administrators,প্রশাসক
administratrix,শাসক
admins,প্রশাসক
admirable,ধন্য
admirably,বিস্ময়কর ও প্রশংসনীয়
admiral,নৌসেনাপতি
admirals,নৌসেনাপতি
admiralship,নৌসেনাধ্যক্ষের পদ
admiralties,প্রধান নৌসেনাপতির দফতর
admiralty,নৌসেনাবিভাগ
admiration,তারিফ
admirations,তারিফ
admire,তারিফ করা
admired,প্রশংসিত
admirer,উপাসক
admirers,প্রশংসক
admires,তারিফ করা
admiring,উপাসক
admiringly,আহ্্
admissibility,গ্রাহ্যতা
admissible,গ্রাহ্য
admission,ভর্তি
admissions,ভর্তির
admissive,স্বীকৃতিমূলক
admit,মানা
admit into,প্রবেশ করান
admits,স্বীকার
admittable,প্রবেশের যোগ্য
admittance,প্রবেশাধিকার
admittances,উপলক্ষে
admitted,ভর্তি
admittedly,নিঃসন্দেহে
admitting,মানা
admix,মিশ্রিত করা
admixed,সংমিশ্রিত
admixes,মিশ্রিত করা
admixing,মিশ্রিত করা
admixture,মিশ্রণ
admixtures,মিশ্রণ
admonish,সতর্ক করা
admonished,সতর্ক করা
admonisher,সতর্ককারীরূপে
admonishers,শিকার
admonishes,সতর্ক করা
admonishing,এবং সুষ্পষ্ট
admonishment,বকুনি
admonishments,বিশেষভাবে উপদেশদান
admonition,অনুযোগ
admonitions,বিশেষভাবে উপদেশদান
admonitory,উপদেশপ্রদ
adnate,এডনেট
ado,ঝামেলা
adobe,রৌদ্রপক্ব ইষ্টক
adobes,রৌদ্রপক্ব ইষ্টক
adolescence,কৈশোর
adolescences,কৈশোর
adolescent,কিশোর
adolescent boy,কিশোর
adolescents,বয়ঃসন্ধিকালের
adolescnet,শৈশব এবং সাবালকত্ব মধ্যে
adonis,সুদর্শন যুবা
adonises,ভেনাসের প্রণয়পাত্র সুদর্শন যুবাদিশেষ
adonish,সুদর্শন যুবক
adonize,নিজেকে সজ্জিত করা
adopt,দত্তক গ্রহণ করা
adopt a method,পথ ধরা
adoptable,গ্রহণযোগ্য
adopted,গৃহীত
adoptee,সাক্ষাতের বলক
adoptees,গ্রহণের বলক
adopter,গ্রহণকারী
adopters,গ্রহীতারা
adopting,দত্তক
adoption,গ্রহণ
adoptions,গ্রহণ
adoptive,দত্তক
adopts,গ্রহণ
adorable,আরাধ্য
adoration,উপাসনা
adorations,সম্মান
adore,পূজা করা
adored,ঋত
adorer,ভক্ত
adorers,ভক্ত
adores,পূজা করা
adoring,প্রেমপূর্ণ
adoringly,যে চারটি
adorn,বিভূষিত করা
adorned,অলঙ্কৃত
adorner,সাজানো
adorning,শোভাকর
adornment,সজ্জা
adornments,সজ্জা
adorns,বিভূষিত করা
adown,তলার দিকে
adrenal,মূত্রগ্র্রন্থিসম্বন্ধীয়
adrenalin,বৃক্করস
adrenaline,বৃক্করস
adrenals,বৃক্কের উপরিভাগের অংশসমূহ
adrift,ভাসিতে ভাসিতে
adroit,দক্ষ
adroiter,কুশলী
adroitest,কুশলী
adroitly,নিপুণভাবে
adroitness,কলা
adroitnesses,জটিল
ads,বিজ্ঞাপন
adsorb,পরিশোষণ করা
adsorption,পরিশোষণ
adsum,তরঙ্গদৈর্ঘ্য
adulate,হীনভাবে প্রশংসা করা
adulated,হীনভাবে প্রশংসা করা
adulates,হীনভাবে প্রশংসা করা
adulating,হীনভাবে প্রশংসা করা
adulation,তোষণ
adulations,তোষামোদ
adulator,স্তাবক
adulators,চাটুকার
adulatory,সংপ্রশংসনীয়
adult,প্রাপ্তবয়স্ক
adulter,প্রণয়িনী
adulterant,ভেজাল
adulterants,ভেজাল
adulterate,ব্যভিচারী
adulterated,ভেজাল
adulterates,অপমিশ্রণ করা
adulterating,ভেজাল
adulteration,ভেজাল
adulterations,জালিয়াতি
adulterator,ভেজাল - ব্যবসায়ী
adulterer,ব্যভিচারী
adulterers,ব্যভিচারে
adulteress,ব্যভিচারিণী
adulteresses,ঈশ্বরের প্রতি বিশ্বস্ত
adulteries,চুরি
adulterous,ব্যভিচারী
adultery,ব্যভিচার
adulthood,সাবালকত্ব
adulthoods,সাবালকত্ব
adultly,সাবালক ভঙ্গিতে
adultress,ব্যভিচারিণী
adults,প্রাপ্তবয়স্কদের
adumbral,ছায়াচ্ছন্ন
adumbrate,অস্পষ্ট আভাস দেত্তয়া
adumbrated,অস্পষ্ট আভাস দেত্তয়া
adumbrates,অস্পষ্ট আভাস দেত্তয়া
adumbrating,অস্পষ্ট আভাস দেত্তয়া
adumbration,ছায়াপাত
adust,রৌদ্রদগ্ধ
advalorem,মূল্যায়নুপাতে
advance,আগাম
advance guard,সেনামুখ
advanced,অগ্রসর
advancement,অগ্রগতি
advancements,অগ্রগতি
advancer,সনজয়
advancers,ঋণ সমন্বয়
advances,অগ্রগতি
advancing,আগুয়ান
advani,আদভানি
advantage,সুবিধা
advantage-ground,অপেক্ষাকৃত সুবিধা জনক অবস্থা
advantaged,সুবিধা দেত্তয়া
advantageous,সুবিধাজনক
advantages,সুবিধার
advantaging,সুবিধা দেত্তয়া
advent,আবির্ভাব
adventitious,আপতিক
advents,খ্রীষ্টের আবির্ভাব
adventure,দু: সাহসিক কাজ
adventured,ঝুঁকি লত্তয়া
adventurer,অভিযাত্রী
adventurers,দুঃসাহসী
adventures,ইভেন্ট
adventuresome,বিপজ্জনক
adventuresome exploration,অভিযান
adventuress,দু: সাহসী
adventuresses,হঠকারিণী মহিলা
adventuring,ঝুঁকি লত্তয়া
adventurism,রাজনৈতিক হঠকারিতা
adventurous,দুঃসাহসিক
adventurousness,দু: সাহসিকতা
adverb,বিশেষণের বিশেষণ
adverbial,ক্রিয়া - বিশেষণিক
adverbials,নিজস্ব রূপায়ণ
adverbs,ক্রিয়াবিশেষণ
adversarial,বিপক্ষ
adversaries,প্রতিপক্ষ
adversary,বিপক্ষ
adversative,বিরোধী
adverse,প্রতিকূল
adverse balance,ঘাটতি
adversed,প্রতিকূল
adversely,বিরূপ
adverser,প্রতিকূল
adverses,প্রতিকূল
adversest,প্রতিকূল
adversing,প্রতিকূল
adversities,প্রতিকূলতা
adversity,বিদ্বেষ
advert,বিজ্ঞাপন
adverted,কামাল
advertent,অনন্যচিত্তে
advertently,অনন্যচিত্তে
adverting,নাম করা
advertise,বিজ্ঞাপিত করা
advertised,বিজ্ঞাপনে
advertisement,বিজ্ঞাপন
advertisements,বিজ্ঞাপন
advertiser,বিজ্ঞাপনদাতা
advertisers,খবর Netlog ওপর বিজ্ঞাপণদাতা
advertises,বিজ্ঞাপিত করা
advertising,বিজ্ঞাপন
advertisings,বিজ্ঞাপণ
adverts,নাম করা
advice,পরামর্শ
advices,পরামর্শ
advisability,ঔচিত্য
advisable,যুক্তিযুক্ত
advise,উপদেশ
advised,উপদিষ্ট
advisedly,বিজ্ঞাপন অনুযায়ী
advisees,সময় জানিয়ে
advisement,ন্যায্য দাবি
adviser,উপদেষ্টা
advisers,উপদেষ্টা
advises,উপদেশ
advising,অধ্যাপনা
advisor,অধ্যাপক
advisories,অ্যাডভাসরি
advisors,উপদেষ্টাদের
advisory,উপদেষ্টা
advocacies,প্রচার
advocacy,ওকালতি
advocate,উকিল
advocate-general,সর্বপ্রধান সহকারী উকিল
advocated,শিল্পমন্ত্রী
advocates,সমর্থনকারীরা
advocating,সমর্থনে
adware,অ্যাডওয়্যারের
adyar,প্রশাসনিক
adz,বাটালি
adze,বাইস
adzed,বাটালি দিয়া কাটা
adzes,বাটালি দিয়া কাটা
adzing,বাটালি দিয়া কাটা
aedes,Latin সুমেরীয়
aegis,আশ্রয়
aegises,অভেদ্য ঢাল
aegle marmelos,বেল
aeolian,গ্রীক পুরাণে বর্ণিত পবন দেবতা
aeon,যুগযুগান্ত
aeons,যুগ
aerate,গ্যাস ভরা
aerated,বাতান্বিত
aerated water,সোডা লিমনেড
aerates,বাতান্বিত করা
aerating,বাতান্বিত করা
aeration,বাতান্বয়ন
aerations,বাতান্বয়ন
aerators,এয়ারেটর
aerial,বায়বীয়
aerialist,ট্রাপিজ খেলোয়াড়
aerially,বেতার
aerials,অ্যরিয়েল
aerie,অত্যুচ্চ স্থানে নির্মিত শিকারি পাখির বাসা
aeries,অত্যুচ্চ স্থানে নির্মিত শিকারি পাখির বাসা
aeriform,বায়বীয়াকার
aero,বায়ু সম্বন্ধীয়
aero-,বায়ু সম্বন্ধীয়
aerobatics,দক্ষ বিমানচালনা
aerobe,বায়ুজীবী জীবাণু
aerobic,বায়ুজীবী
aerobic bacteria,বায়ুজীবী জীবাণু
aerobics,এরোবিকস
aerodrome,বিমানশালা
aerodromes,এরোড্রোমগুলোর
aerodynamicist,বায়ুগতিবিদ্যায়
aerodynamics,বায়ুগতিবিদ্যা
aerofoil,বিমানের পাখা
aerogel,airgel
aerography,আবহবিদ্যা
aerolite,উল্কা
aerolites,উল্কা
aerolith,উল্কা
aeroliths,উল্কা
aerologic,বায়বীয়
aerological,বায়বীয়
aerologies,আকাশতত্ত্ব
aerology,শূন্যবিজ্ঞান
aerometer,বায়ুমানযন্ত্র
aerometers,বায়ুমানযন্ত্র
aeronaut,বিমানচালক
aeronautic,বৈমানিক
aeronautical,বৈমানিক
aeronautics,বিমানচালনাবিদ্যা
aeronauts,বিমানচালক
aeroplane,বিমান
aeroplanes,এ্যারোপ্লেনের
aeros,গ্রীক প্রেমদেবতা
aeroshell,কবচ
aerosol,এরোসল
aerosols,অ্যারোসল
aerospace,মহাকাশ
aerostatics,নভশ্চারণবিদ্যা
aerostation,বিমানশালা
aerugo,লোকসান
aery,অত্যুচ্চ স্থানে নির্মিত শিকারি পাখির বাসা
aesir,এইসার
aesthete,কলাবিদ্যবিশারদ
aesthetes,কলাবিদ্যবিশারদ
aesthetic,নান্দনিক
aesthetical,কান্তিবিদ্যাসম্বন্ধীয়
aesthetician,esthetician
aestheticians,সৌন্দর্যবেত্তা
aestheticism,সৌন্দর্যানুরাগ
aesthetics,নন্দনতত্ব
aestivation,মুকুলপত্রবিন্যাস
aetiologies,পীড়ার নিদান
aetiology,নিদান
afar,দূরবর্তী স্থান
affabilities,অমায়িকতা
affability,অমায়িকতা
affable,ভদ্র
affably,অমায়িকভাবে
affair,ব্যাপার
affair of honor,দ্বন্দ্বযুদ্ধ
affaire,ব্যাপার
affaires,ঘটনা
affairs,বিষয়
affect,অনুভূতি
affectation,ভান
affectations,ভান
affected,আক্রান্ত
affected with callosity,ঘেঁচড়া
affecting,প্রভাবিত
affectingly,করুণভাবে
affection,স্নেহ
affectionate,অনুরক্ত
affections,স্নেহ
affective,আবেগপূর্ণ
affectivity,আক্রান্ত না
affects,প্রভাবিত করে
afferent,অন্তর্বাহ
afferent vessel,অন্তর্বাহ
affiance,বাগ্দান
affianced,বাগ্দত্ত
affiances,বাগ্দান করা
affiancing,বাগ্দান করা
affidavit,হলফনামা
affidavits,শপথ
affiliate,শাখা
affiliated,সম্বদ্ধ
affiliates,অনুমোদনকারী
affiliating,প্রদানে
affiliation,অন্তর্ভুক্তি
affiliations,এমন
affine,অ্যাফিন
affined,সম্বদ্ধ
affines,পেজে সম্পর্কিত
affinities,সম্বন্ধ
affinity,সম্বন্ধ
affirm,সত্যতা সমর্থন করা
affirmation,কথন
affirmations,কথন
affirmative,সম্মতিসূচক
affirmatively,মাকড়সা
affirmatives,হাঁ-সূচক বাক্য
affirmatory,সম্মতিসূচক
affirmed,দৃঢ়তাসহকারে চলা
affirming,দৃঢ়তাসহকারে চলা
affirms,ঘোষণা
affirn,প্রমাণ করা
affix,বর্ধন
affixed,নিবদ্ধ
affixes,উপাঙ্গ
affixing,নোটিস দেওয়া
afflatus,প্রেরণা
afflatuses,প্রেরণা
afflict,হীন করা
afflicted,নিপীড়িত
afflicting,আক্রান্ত
affliction,দু: খ
afflictions,ব্যাধি
afflicts,পুড়ান
affluence,সমৃদ্ধি
affluent,সমৃদ্ধিশালী
affluents,নেতাকেই
afflux,প্রবাহ
affluxes,প্রবাহ
afford,সামর্থ্য
affordability,ক্রয়ক্ষমতা
affordable,সাশ্রয়ী মূল্যের
afforded,সমর্থ হত্তয়া
affording,সমর্থ হত্তয়া
affords,নিতে পারবেন
afforest,বনে পরিণত করা
afforestation,বৃক্ষরোপণ
afforested,বনাঞ্চল
afforesting,বনে পরিণত করা
afforests,বনে পরিণত করা
affranchis,নিরব থাকতে
affranchise,ক্রীতদাসত্ব হইতে মুক্তি দেত্তয়া
affranchised,ক্রীতদাসত্ব হইতে মুক্তি দেত্তয়া
affranchises,ক্রীতদাসত্ব হইতে মুক্তি দেত্তয়া
affranchising,ক্রীতদাসত্ব হইতে মুক্তি দেত্তয়া
affray,অগ্নিকাণ্ড
affrays,শান্তিভঙ্গ
affreightment,নৌ বহনের
affright,আতঙ্ক
affrighted,আতঙ্কিত করান
affrighting,আতঙ্কিত করান
affrights,আশঙ্কা
affront,অপমান করা
affronted,অপমানিত
affronting,মুখোমুখি হত্তয়া
affronts,মুখোমুখি হত্তয়া
affusion,সিঁচন
affusions,সিঁচন
afghan,আফগান
afghani,আফগানী
afghanis,আফগানী
afghanistan,afghanistan
afghans,আফগান
aficionado,ভক্ত
aficionados,ভক্তদের
afield,দূরে
afire,জ্বলন্ত
aflame,দীপ্ত
afloat,সমুদ্রে
afoot,চালু
afore,পূর্বে
aforecited,উপরোক্ত
aforementioned,উপরোক্ত
aforenamed,উপরোক্ত
aforesaid,পূর্বোক্ত
aforethought,পূর্বসংকল্পিত
aforetime,পূর্বে
afraid,ভীত
afresh,পুনর্বার
africa,আফ্রিকা
african,আফ্রিকান
africans,আফ্রিকান
afro,আফ্রো
aft,জাহাজের পিছনের দিকে
after,পরে
after a while,অচিরে
after all,মোটের উপর
after days,পরবর্তী কাল
after one's heart,মনের মত
after one's own heart,মনের মতো
after that,তত্পর
after the fashion of,ঢঙে
after-image,আমেজ
after-taste,রেশ
afterbirth,নাড়ি
afterbirths,নাড়ি
aftercare,সদ্য আরোগ্যপ্রাপ্ত রোগীর শূশ্রূষা
aftereffect,পরিণাম
afterglow,সন্ধ্যারাগ
afterglows,সন্ধ্যারাগ
aftergrowth,ভবিষ্যৎ ফল
aftergrowths,পরবর্তীকালীন বৃদ্ধি
afterlife,পরকাল
afterlives,ভবিষ্যৎ জীবন
aftermarket,বিক্রীর
aftermath,পরিণাম
aftermaths,ভবিষ্যৎ ফল
afternoon,বৈকাল
afternoons,বৈকাল
afterpiece,অনুনাটিকা
afterpieces,অনুনাটিকা
afters,পরে
aftershave,আফটারশেভ লোশন
aftershaves,আফটারশেভ লোশন
aftershock,আফটারশক
aftershocks,ছোট্ট কম্পন
afterswarms,নির্মাণ বেড়েছে
afterthought,অনুচিন্তা
afterthoughts,অনুচিন্তা
afterward,পরে
afterwards,পরে
afterword,উত্তরভাষ
ag,এজি
aga,আগা
aga khan,ইসমাইলী মুসলমান সম্প্রদায়ের প্রধান
again,আবার
again and again,পুন:পুন
against,বিরুদ্ধে
against the grain,অনিচ্ছা সত্ত্বেও
agami,আগামী
agamic,লিঙ্গহীন
agamous,লিঙ্গহীন
agape,মুখ হাঁ করিয়া
agate,অকীক
agates,মূল্যবান্ মণিরাজিবিশেষ
age,বয়স
age of gold,সোনালি
age-long,দীর্ঘকালীন
aged,বুড়া
ageing,পক্বতা
ageings,সুপরিণতি
ageless,অজর
agelogn,বহু পুরাতন
agelong,যুগব্যাপী
agencies,সংস্থার
agency,সংস্থা
agenda,বিষয়সূচি
agendas,বিষয়সূচি
agent,প্রতিনিধি
agented,এজেন্ট
agenting,এজেন্ট
agents,এজেন্ট
ager,বয়স
agers,অনুমানের
ages,বয়সের
aggiornamenti,বিনামূল্যে আপডেট
aggiornamento,হাল তারিখে আনা
agglomerate,পিণ্ডীভূত
agglomerated,পিণ্ডীভূত
agglomerates,পিণ্ড
agglomerating,পিণ্ডীভূত করা
agglomeration,স্তূপ
agglomerations,স্তূপ
agglutinable,অ্যাগলুটিনেবেল
agglutinate,দানা বাঁধা
agglutinated,আঠা দ্বারা জোড়া দেত্তয়া
agglutinates,জোটবদ্ধতা
agglutinating,আঠা দ্বারা জোড়া দেত্তয়া
agglutination,সংযুক্তীভবন
agglutionate,আঠা দ্বারা সংযুক্ত করা
aggrandise,শক্তি
aggrandisement,বাড়
aggrandisements,বৃদ্ধি
aggrandize,অতিরঁজিত করা
aggrandized,ধন পদ প্রভৃতি বৃদ্ধি করা
aggrandizement,বাড়
aggrandizements,বৃদ্ধি
aggrandizes,ধন পদ প্রভৃতি বৃদ্ধি করা
aggrandizing,ধন পদ প্রভৃতি বৃদ্ধি করা
aggravate,বাড়া
aggravated,কুপিত
aggravates,প্রকোপ বৃদ্ধি করা
aggravating,বিরক্তিকর
aggravation,অবনতি
aggravations,অবনতি
aggregate,থোক
aggregated,রাশীকৃত
aggregately,সমষ্টিগতভাবে
aggregates,দলা
aggregating,পুঁজিত করা
aggregation,মোট পরিমাণ
aggregations,মোট পরিমাণ
aggregative,সমষ্টি - সংক্রান্ত
aggregator,সংযোগকারী
aggress,পাব্লিসিটি
aggresses,উপর চড়াও
aggressing,আক্রমণকারী
aggression,আগ্রাসন
aggressions,আগবাড়া হইয়া কলহাদি আরম্ভ করা
aggressive,আক্রমণাত্মক
aggressively,সহিংস
aggressiveness,হামলাদারিতা
aggressor,পূর্বপক্ষ
aggressors,যে ব্যক্তি কলহাদি আরম্ভ করে
aggrieve,অত্যাচার করা
aggrieved,ক্ষতিগ্রস্থ
aggrieves,দু:খ দেত্তয়া
aggrieving,দু:খ দেত্তয়া
aggro,মারপিট
aghast,ভীত
agila,ágila
agile,চটপটে
agilities,দ্রুততা
agility,দ্রুততা
agin,অন্যভাবে
aging,পক্বতা
agings,সুপরিণতি
agio,টাকা ভাঙ্গান
agios,টাকা ভাঙ্গানর বাবদ বাটা
agiotage,সহসা বাজার গরম
agiotages,সহসা বাজার গরম
agitate,উমান
agitated,বিচলিত
agitates,আন্দোলিত করা
agitating,উত্তেজক
agitation,চাগাড়
agitational,কীভাবে নোবেল
agitations,চাগাড়
agitative,আন্দোলনের
agitator,প্রচারক
agitators,আন্দোলক
agitprop,বিক্ষোভ
aglow,প্রদীপ্ত
agnail,আঙুলহাড়া
agnails,হস্তাঙ্গুলির চামড়ার যে ছাল ত্তঠে
agnate,একজাতীয়
agnates,সময় দেখা যায়
agnation,জ্ঞাতি
agnostic,অজ্ঞানবাদী
agnostical,অজ্ঞেয়বাদ
agnosticism,অজ্ঞেয়বাদ
agnostics,ত্রিভুজের পোস্ট
ago,আগে
agog,গমনোদ্যত
agoges,উৎসাহী
agoing,আগে
agon,অ্যাগনকে
agone,ওয়ারফেয়ার
agonic,অকোণিক
agonies,অন্তর্বেদনা
agonise,পীড়ন করা
agonised,আতুর
agonises,নিদারূণ মানসিক যন্ত্রণাভোগ করা
agonising,পীড়াদায়ক
agonisingly,মর্মান্তিকভাবে
agonists,অ্যাগোনিস্ট
agonize,পীড়ন করা
agonized,আতুর
agonizes,নিদারুণ যন্ত্রণা ভোগ
agonizing,পীড়াদায়ক
agonizingly,মর্মান্তিকভাবে
agony,প্রবল দ্বন্দ্ব
agora,সভা
agorae,জনসমাবেশ
agoraphobia,ভিতরের ভয়ের ব্যাধি
agoraphobias,শূন্য দেশের ভয়ের ব্যাধি
agoras,জনসমাবেশ
agoroth,জনসমাবেশ
agra,আগ্রা
agranulocytosis,গত
agrarian,ভূস্বামী
agrarianism,ভূমি - সংস্কার আন্দোলন
agrarians,ভূসম্পত্তির সমাংশে পুনর্বণ্টন-নীতির সমর্থক
agree,রাজি
agreeable,অমায়িক
agreeableness,প্রিভিলেজড
agreeably,প্রীতিকরভাবে
agreed,একমত
agreeing,সম্মত
agreement,চুক্তি
agreement on partnership,অংশীদারিত্বের দলিল
agreements,চুক্তি
agrees,সম্মত
agrement,খেলাধূলা
agricultural,কৃষিজাত
agricultural economy,কৃষি অর্থনীতি
agriculturalist,কৃষক
agriculturally,কৃষিতে
agriculture,কৃষি
agricultures,কৃষি
agriculturist,কৃষক
agriculturists,কৃষিবিদ্
agrimotor,ট্র্যাক্টর
agroforestry,অ্যাগ্রোফরেষ্ট্রী
agronomic,কৃষি - বিষয়ক
agronomical,কৃষি - বিষয়ক
agronomics,কৃষি - বিজ্ঞান
agronomies,চাষ-বাস
agronomist,কৃষিবিদ্
agronomists,কৃষিবিদ্
agronomy,কৃষি - বিদ্যা
aground,মাটিতে
ague,কম্পজ্বর
agued,কম্পগ্রস্ত
agues,কম্পজ্বর
ah,অই
aha,অই
ahead,এগিয়ে
ahem,হুম
ahimsa,অহিংসা
ahimsas,অহিংসা
ahistorical,দেবতার অস্তিত্ব
ahoy,হোই
ai,এআই
aid,সাহায্য
aide,সহায়তাকারী
aide-de-camp,শাসকের ব্যক্তিগত সাহায্যের জন্য নিযুক্ত কর্মচারী
aided,সাহায্য
aider,সহায়
aiders,চিকিত্সাকারী
aides,সহায়তাকারী
aiding,প্রতিপোষক
aids,এইডস রোগ
aigrette,বকপাখি
aigrettes,বকপাখি
aiguille,শৃঙ্গ
aiguilles,শিখর
ail,কষ্ট দেত্তয়া
ailed,কষ্ট দেত্তয়া
ailing,রোগী
ailment,রোগ
ailments,আময়
ails,মিথ্যাচার
aim,উদ্দেশ্য
aim at,তাকা
aimed,অভীষ্ট
aimer,লক্ষ্য
aiming,নিশানা
aimless,উদ্দেশ্যহীন
aimlessly,অকারণে
aims,লক্ষ্য
air,বায়ু
air bladder,মাছের পটকা
air marshal,বিমানবাহিনীর সেনাপতি
air raid,বিমান আক্রমণ
air strip,ধাবনপথ
air-balloon,ফানুস
air-base,বিমানঘাঁটি
air-bladder,পটকা
air-conditioned,বাতানুকুল
air-conditioner,বাতানুকুল যন্ত্র
air-force,বিমান বাহিনী
air-line,বিমানপথ
air-mail,বিমান ডাক
air-port,বিমানবন্দর
air-ways,বিমানপথ
air-worthy,নভোযোগ্য
airbase,বিমানঘাণ্টি
airbases,বিমানঘাণ্টি
airborne,বায়ুবাহিত
airbrush,এয়ারব্রাশ
airbrushing,এয়ারব্রাশিং
airbus,এয়ারবাস
airconditioned,শীতাতপ নিয়ন্ত্রিত
aircraft,বিমান
aircraftman,বিমান - সৈনিক
aircraftmen,বিমান-সৈনিক
aircraftsman,বিমান - সৈনিক
aircraftsmen,বিমান-সৈনিক
aired,সম্প্রচারিত
airer,বায়ু
aires,বায়ু
airest,বায়ু
airfare,লবন
airfares,বিমান ভাড়া
airfield,বিমানঘাঁটি
airfields,বিমানপোতের উড়ডয়নের ত্ত অবতরণের স্থান
airflows,আহসান হাবিব
airgun,এয়ারগান
airhead,মুখই হাঁড়ির
airhostess,বিমান সেবিকা
airier,বায়বীয়
airiest,বায়বীয়
airily,উড়া উড়া
airing,বায়ুসেবন
airings,বায়ুসেবন
airless,বায়ুশূন্য
airlift,বিমানপোতে বহন
airlifts,বিমানপোতে বহন
airline,এয়ারলাইন
airliner,যাত্রীবাহী বৃহত্ বিমান
airliners,বিমান
airlines,এয়ারলাইনস
airmail,বিমানবাহিত ডাক
airmails,বিমানবাহিত ডাক
airman,বৈমানিক
airmanship,বিমান - চালক
airmen,বৈমানিক
airplane,বিমান
airplanes,এ্যারোপ্লেনের
airport,বিমানবন্দর
airports,বিমানবন্দর
airpower,বায়ু শক্তি
airproof,সমাপ্তি
airpump,বায়ু নিষ্কাশন যন্ত্র
airs,চালিয়াতি
airship,আকাশযান
airships,খপোত
airspace,আকাশসীমা
airspaces,আকাশসীমা
airtight,বায়ুরোধী
airtime,এয়ারটাইম
airtransport,বিমান পরিবহন
airway,বিমান - চলাচলের পথ
airways,এয়ারওয়েজ
airwoman,নারী - বৈমানিক
airwomen,নারী-বৈমানিক
airworthiness,নভোযোগ্যতা
airworthy,নভোযোগ্য
airy,বায়বীয়
aisle,করিডোর
aisled,অলিন্দ
aisles,মিন্টু
aisling,অলিন্দ
aislings,ছাড়লেও
ait,দ্বীপ
aitch,ফিরে আসবে
aits,দ্বীপ
aizle,aizle ধকল
ajar,আধখোলা
aka,ওরফে
akhon,সেখানে
akimbo,পাছায় দুই হাত দিয়া
akin,সদৃশ
akkas,ইউটিউব
al,আল
al coran,কোরান
al-haram,আল-হারাম
al-house,আওয়ামী হাউস
al-masjid,মসজিদ
al-qaeda,আল-কায়েদা
alabaster,তৈলস্ফটিক
alabasters,স্বচ্ছপ্রায় খনিজ পদার্থবিশেষ
alack,অহো
alacrities,সজীবতা
alacrity,তত্পরতা
alae,এর উইংস
alamode,ফ্যাশান দুরস্ত
aland,এল্যান্ড
alang,উপলব্ধ
alanine,ক্ষারযুক্ত
alar,পক্ষসম্বন্ধীয়
alarm,শঙ্কা
alarmbell,বিপদ সূচক ঘন্টা
alarmclock,ঘুম ভাঙ্গানো ঘড়ি
alarmed,অধীর
alarming,ভীতিপ্রদ
alarmingly,সাংঘাতিকভাবে
alarmism,অকারণ আতঙ্কপ্রবণতা
alarmist,আতঙ্কসৃষ্টিকারী
alarmists,এক্ষেত্রে
alarms,এলার্ম
alarum,ঘণ্টাধ্বনি
alarums,ঘণ্টাধ্বনি
alary,মঞ্জুর
alas,হায়রে
alaska,অল্যাস্কা
alaskas,আলাস্কা
alastor,অ্যালাস্টর
alates,বেল্লা থেকে
alay,বলেই
alb,গির্জার কাপড়
alba,অ্যালবাম
albania,আলবেনিয়া
albatross,বৃহদাকার সামুদ্রি পক্ষিবিশেষ
albatrosses,বৃহদাকার সামুদ্রি পক্ষিবিশেষ
albedo,আল্বিডো
albeit,যদ্যপি
alberghi,হোটেল
albert,আলবার্ট
alberts,আলবার্ট
albinism,রেসিজমের অন্ধ আবেগের
albino,ধবলরোগগ্রস্ত প্রাণী
albinos,অস্বাভাবিকরকম শ্বেতচর্ম ব্যক্তি
albs,গির্জার কাপড়
album,অ্যালবাম
albumen,শস্য
albumens,ডিম্বের শ্বেতাংশ
albumin,এ্যালবুমিনের
albuminoid,প্রোটিন
albuminoids,প্রোটিন
albuminose,অ্যালুবিউমিন-যুক্ত
albuminous,অ্যালুবিউমিন - সদৃশ
albums,অ্যালবাম
alburnum,অসার কাষ্ঠ
albuterol,আল
alcazar,Alcázar
alchemic,অপরাসায়নিক
alchemical,অপরাসায়নিক
alchemies,মুখমন্ডল
alchemist,অপরাসায়নবিদ্
alchemists,অপরাসায়নবিদ্
alchemy,কিমিতি
alchol,বই পড়া
alco,লেখা পাঠাবার ঠিকানা ALCO
alcohol,এলকোহল
alcohol addiction,ব্যসন
alcoholic,মদ্যপ
alcoholic beverage,আসব
alcoholics,মদ্যপ
alcoholisation,বিদূরণ
alcoholism,মদ্যাশক্তি
alcoholisms,মদ্যাশক্তি
alcoholize,পরিস্রুত করা
alcoholized,সুরাসার মেশান
alcoholizes,সুরাসার মেশান
alcoholizing,সুরাসার মেশান
alcohols,এলকোহল
alcopop,এ্যলকো পপ
alcove,তাক
alcoves,একান্ত স্থান
aldehyde,এ্যাল্ডেহাইড
alder,ভূর্জজাতীয় বৃক্ষবিশেষ
alderman,গর্ভনর
aldermanic,পৌরমুখ্যসংক্রান্ত
aldermanries,পৌরমুখ্যের মনোনয়নকেন্দ্র
aldermanry,পৌরমুখ্যের পদ
aldermanship,পৌরসভার বিশেষ সম্মানিত সদস্যগিরি
aldermen,পৌরসভার বিশেষ সম্মানিত সদস্যবিশেষ
alders,য় নেই শীর্ষ রাজাকাররা
aldosterone,আলডেসটেরঅন
aldrin,কীটনাশকরূপে ব্যবহৃত সাদা
ale,বীয়ার
aleatoric,দৈবনির্ভর
aleatory,দৈবনির্ভর
alef,একটি A
alehouse,শৌণ্ডিকালয়
alehouses,মদের দোকান
alembic,পাতনযন্ত্র
alembicated,অতিসূক্ষ্ম
alembics,পরিস্রাবণের যন্ত্র
aler,আল
alert,সতর্ক
alerted,সতর্ক
alerter,সতর্ক
alertest,সতর্ক
alerting,সতর্ক
alertness,সতর্কতা
alerts,সঙ্কেত
ales,সীরান্বিত মদ্যবিশেষ
alewife,বীয়ারখানার মালিকানী
alexander,আলেকজান্ডার
alexanders,আলেকজান্ডার
alexandria,আলেকজান্দ্রি
alexandrine,ষড়্মাত্রিক
alexandrines,ষড়্মাত্রিক কবিতাপঙ্ক্তি
alexandrite,পাথরের প্রকার
alexandrites,পাথরের প্রকার
alexin,রক্তের তরল অংশে উপস্থিত এক ধরনের জীবাণুধ্বংসী প্রোটিন
alfalfa,ত্রিপত্রোত্পাদী বৃক্ষবিশেষ
alfalfas,ত্রিপত্রোত্পাদী বৃক্ষবিশেষ
alfresco,উন্মুক্ত স্থানে
alga,শৈবাল
algae,শেত্তলাগুলি
algebra,বীজগণিত
algebraic,বীজগাণিতিক
algebraical,বীজগাণিতিক
algebraist,বীজগাণিতিক
algebraists,বনফুলের
algebras,বীজগণিত
algeria,আলজেরিয়া
algetic,ক্ষতপূর্ণ
algiers,আলজিয়ার্স
algological,শৈবালতত্ত্বসম্পর্কিত
algorithm,এলগরিদম
algorithmic,আলগোরিদিমিক
algorithms,আলগোরিদিম
ali,আলি
alias,ওরফে
aliased,ওরফে
aliases,alias লেখা
aliasing,অ্যালায়েসিং
alibi,অন্যত্রস্থিতি
alibied,অজুহাত
alibies,অজুহাত
alibiing,অজুহাত
alibis,অপরাধের অনুষ্ঠানকালে অন্যত্র থাকার অজুহাতে রেহাই পাইবার দাবি
alien,পরক
alienability,এখানে পশ্চিমা
alienable,হস্তান্তরযোগ্য
alienage,পারক্য
alienages,পারক্য
alienate,উদাসীন
alienated,বিজাতকৃত
alienates,স্বভাববহিভুত করা
alienating,স্বভাববহিভুত করা
alienation,উন্মত্ততা
alienations,বিচ্ছিন্নতাবোধ
alienator,বিছিন্ন করা
alienism,মনোচিকিত্সা
alienist,মনোচিকিত্সক
alienists,মানসিক রোগের বিশেষজ্ঞ-চিকিত্সক
aliens,বিদেশী ব্যক্তি
alif,আলিফ
aliform,পক্ষীর পক্ষাকার
alight,নামা
alighted,নামা
alighting,অবতরণ
alights,আঘাত নেমে
align,শ্রেণীবদ্ধ করা
aligned,সারিবদ্ধ
aligner,সুচী
aligning,সমতলতা
alignment,শ্রেণীবিন্যাস
alignments,সমান করা
aligns,প্রান্তিক
alike,একইভাবে
aliment,পুষ্টি
alimentary,পৌষ্টিক
alimentary canal,খাদ্যনালী
alimentary tract,খাদ্যনালী
alimentation,পুষ্টিবিধান
alimentations,খাদ্যসরবরাহ
aliments,খাদ্য
alimonies,খোরপোশ
alimony,ভরণপোষণ
aline,সারি দিয়া সাজান
alined,শ্রেণীবদ্ধ করা
alines,শ্রেণীবদ্ধ করা
alining,শ্রেণীবদ্ধ করা
aliquot,ভাগশেষ না রাখিয়া সমাংশে ভাগ করিতে সক্ষম
alit,আপতিত
alive,জীবিত
aliveness,সজীবতা
alkalescence,ক্ষার - মাত্রা
alkalescent,ঈষত্ ক্ষারধর্মী
alkali,ক্ষার
alkalie-metals,ক্ষারীয়-ধাতু
alkalies,ক্ষার
alkalify,ক্ষারীভবন করা
alkalimetry,অ্যালকালিমিতি
alkaline,ক্ষারীয়
alkalinization,দিয়ে নিত্য
alkalis,ক্ষার
alkaloid,উপক্ষার
alkaloids,উপক্ষার
alki,ক্রমে ক্রমে
alkyne,অ্যালকাইনের
all,সব
all agog,উৎসুক
all along,সব সময়
all and sundry,সকলেই
all at once,হঠাৎ
all attention,অতি মনোযোগের সঙ্গে
all but,প্রায়
all ears,গভীর মনোযোগী
all in all,সর্বেসর্বা
all in one to,সমান
all in the day's work,স্বাভাবিক
all moonshine,বাজে
all of (on) a sudden,হঠাৎ
all one,একই কথা
all one to,সমান
all other,অপরাপর
all out efforts,যথাসম্ভব
all over,সর্বাঙ্গে
all over the body,সর্বাঙ্গে
all over with,সবশেষ হওয়া
all right!,আচ্ছা বেশ!
all sides,চতুষ্পাশ্র্ব
all the better,আরও ভাল
all the go,জনপ্রিয়
all the same,তত্সত্ত্বেত্ত
all the while,সারাক্ষণ
all the year round,সারা বছর ধরে
all together,একসঙ্গে
all-around,বহুপাক্ষিক
all-embracing,সার্বজনীন
all-enduring,সর্বংসহ
all-good,সর্বগুণান্বিত
all-metal,তাত্পর্যপূর্ণ
all-night,রাত্রিকালীন
all-pervading,চিরায়ত
all-powerful,সর্বশক্তিমান
all-round,বহুপাক্ষিক
all-rounder,অলরাউন্ডার
all-time,অভূতপূর্ব
all-up,মোট
allah,আল্লাহ
allay,কমান
allayed,নির্বাপিত
allayer,নির্বাপক
allayers,নির্বাপক
allaying,নির্বাপক
allays,দমন করা
allees,Allées
allegation,অভিযোগ
allegations,অভিযোগ
allege,সপক্ষে যুক্তি দেখান
alleged,তথাকথিত
allegedly,যেন
alleges,অভিযোগ
allegiance,আনুগত্য
allegiances,আনুগত্য
allegiant,আনুগত্যশীল
alleging,অভিযোগের
allegoric,অপ্রস্তুতপ্রশংসা দ্বারা বর্ণিত
allegorical,রূপকধর্মী
allegories,রুপকবর্ণনা
allegory,রূপক
allele,এ্যালিল
alleles,অ্যালিল
allelopathy,অ্যালেলোপ্যাথি
alleluia,শ্বরের যশোকীর্তনমূলক সঙ্গীতবিশেষ
alleluias,শ্বরের যশোকীর্তনমূলক সঙ্গীতবিশেষ
allen,অ্যালেন
aller,সব
allergen,অতিপ্রতিক্রিয়া সৃষ্টিকারী বস্তু
allergenicity,সমীকরণ
allergic,বিরাগসম্পন্ন
allergies,এলার্জি
allergist,এলার্জি বিশেষজ্ঞ
allergists,এলার্জি বিশেষজ্ঞ
allergy,এলার্জি
alleviate,উপশম করা
alleviated,প্রশমিত
alleviates,উপশম করা
alleviating,নির্বাপক
alleviation,উপশম
alleviations,সহজকরণ
alleviative,উপশমক
allevition,লাঘব
alley,সরু গলি
alleys,বীথিকা
alleyway,সরু গলি
alleyways,কুঁজগলি
alliance,জোট
alliances,জোট
allied,স্বজাতীয়
allies,জোটের
alligate,জোতা
alligation,বিমিশ্র প্রক্রিয়া
alligations,বিমিশ্র প্রক্রিয়া
alligator,নক্র
alligators,বৃহৎ কুম্ভীরবিশেষ
alliterate,অনুপ্রাস সৃষ্টি করা
alliteration,অনুপ্রাস
alliterations,অনুপ্রাস
alliterative,অনুপ্রাসধর্মী
allium,গ্রাফিক্স
allocable,বণ্টনযোগ্য
allocate,বরাদ্দ করা
allocated,বরাদ্দ
allocates,বরাদ্দ
allocating,বণ্টন
allocation,বরাদ্দ
allocations,বরাদ্দ
allocator,বরাদ্দকরণ
allogamy,উদ্ভিদ্তাত্বিক প্রতিভাষা
allopath,বিসদৃশ - বিধানানুসারী চিকিত্সক
allopathic,অ্যালপেথি সম্বন্ধীয়
allopathist,বিসদৃশ - বিধানানুসারী চিকিত্সক
allopathists,বিসদৃশ-বিধানানুসারী চিকিত্সক
allopaths,বিসদৃশ-বিধানানুসারী চিকিত্সক
allopathy,অ্যালোপ্যাথি
allopatric,এলোপেট্রিক
allophone,কবিতা দুই কবির স্মরণে
allophones,স্বপ্নগুলি কি মিথ্যে
allopurinol,ভবিষ্যতে প্রেমের বোধ
allot,বাঁটা
allotment,আবণ্টন
allotments,আবণ্টন
allotropes,অ্যালোট্রোপ
allots,স্থির করে
allotted,বরাদ্দ
allottee,অংশভাক্
allottees,ত্বকীর বাবা নারায়ণগঞ্জের
allotting,বরাদ্দে
allout,সার্বিক
allow,অনুমতি দেওয়া
allow entrance,ঢুকা
allow of,মানিয়া লত্তয়া
allowable,সম্ভবপর
allowance,ভাতা
allowance of money,অধিদেয়
allowances,তৃপ্তি
allowed,অনুমতি
allowing,অনুমতি
allows,পারবেন
alloy,খাদ
alloy metal,মিশ্র ধাতু
alloyed,খাদ মেশান
alloying,ক্রোড়পত্র
alloys,করতোয়া
allozyme,ঐতিহ্য
allright,ঠিক আছে!
alls,প্রত্যেক ব্যক্তি
allude,উল্লেখ করা
alluded,উদ্দিষ্ট
alludes,পরোক্ষভাবে উল্লেখ করা
alluding,পরোক্ষভাবে উল্লেখ করা
allure,মোহন
allured,প্রলুব্ধ
allurement,লোভ
allurements,ভোগ্য
allurer,সম্মোহনকারী
allures,প্রতিজ্ঞা
alluring,লোভনীয়
allusion,ইশারা
allusions,ইঙ্গিত
allusive,ইঙ্গিতপূর্ণ
allusiveness,উল্লেখবহুলতা
alluvia,পলি পড়িয়া সৃষ্ট জমি
alluvial,পাললিক
alluvian,পলিজ
alluvion,পলি
alluvium,পলি
alluviums,পলি পড়িয়া সৃষ্ট জমি
ally,মিত্র
allying,বিবাহসূত্রে আবদ্ধ হত্তয়া
allyou,allyou কি
alma,কারো
almagest,সহজ পর্যবেক্ষণের ধাপ
almanac,বর্ষপঞ্জি
almanack,বর্ষপঞ্জী
almanacs,বর্ষপঁজি
almightily,জোরে
almightiness,ভাগিদার
almighty,সর্বশক্তিমান
almirah,আলমারি
almond,বাদাম
almond-shaped,বাদামী
almonds,কাজুবাদাম
almoner,ভিক্ষাদাতা
almoners,ভিক্ষারণ্টক
almost,প্রায়
alms,ভিক্ষা
alms-house,অনাথাশ্রম
almsfolk,ভিখিরি
almshouse,অনাথাশ্রম
almshouses,আলমসহাউসেস্
almsman,ভিখারি
almsmen,ভিখারি
alnico,চুম্বক
aloe,ঘৃতকুমারী
aloes,জোলাপ
aloevera,ঘৃতকুমারী
aloft,শূন্যে
alogia,এলোগিয়া
alogical,যুক্তিহীন
alone,একা
aloneness,একাকিত্ব
alonenesses,একাকীত্ব
along,বরাবর
along with,সহ
alongside,পাশাপাশি
aloof,নির্লিপ্ত
aloofness,উদাসীনতা
alopecia,টাক
alopecoid,অকচ
aloud,সশব্দে
alp,গিরিশৃঙ্গ
alpaca,আলপাকা
alpacas,পেরুদেশীয় মেষবিশেষ
alpenstock,পর্বত অভিযাত্রীদের লোহার আগাওয়ালা বা লৌহাগ্র লাঠি
alpha,আরম্ভ
alphabet,বর্ণমালা
alphabetic,বর্ণানুক্রমিক
alphabetical,বর্ণানুক্রমিক
alphabetically,বর্ণানুক্রমে
alphabetize,বর্ণানুক্রমে করা
alphabetized,বর্ণানুক্রমে করা
alphabetizes,বর্ণানুক্রমে করা
alphabetizing,বর্ণানুক্রমে করা
alphabets,বর্ণমালা
alphametic,অ্যালফামেটিক
alphametics,শব্দের
alphanumeric,আলফানিউমেরিক
alphas,আরম্ভ
alpine,অত্যুচ্চ
alpines,অ্যালপাইন
alpinist,শৈলারোহী
alpinists,পর্বতারোহী
alps,আল্প্স
already,ইতিমধ্যে
alright,ঠিক হ্যায়
alright!,আচ্ছা বেশ!
als,আল
alsatian,একজাতীয় কুকুর
also,এছাড়াও
alt,জন্য alt
altar,বেদি
altarpiece,গির্জার বেদির পিছনে আঁকা ছবি
altars,বেদি
alter,পরিবর্তন করা
alterability,চারিত্রিক
alterable,পরিবর্তনীয়
alterant,পরিবর্তনীয়
alteration,নড়চড়
alterations,পরিবর্তন
alterative,পরিবর্তনীয়
alteratives,পরিবর্তনসাধক পদার্থ
altercate,ঝগড়াঝাঁটি করা
altercated,তর্কাতর্কি করা
altercates,তর্কাতর্কি করা
altercating,তর্কাতর্কি করা
altercation,ঝগড়াঝাঁটি
altercations,তর্ক
altered,রদবদল
alterer,পরিবর্তন
altering,পরিবর্তনকারী
alternate,একান্তর
alternated,পর্যায়ান্বিত হত্তয়া
alternately,অথবা
alternates,পর্যায়ান্বিত হত্তয়া
alternating,পর্যায়ক্রমে
alternation,পরিক্রমণ
alternations,পর্যায়ানুবৃত্তি
alternative,বিকল্প
alternatively,অন্যথায়
alternatives,বিকল্প
alternator,পর্যাবৃত্ত বিদ্যুত্প্রবাহের উত্পাদকযন্ত্র
alternators,পর্যাবৃত্ত বিদ্যুত্প্রবাহের উত্পাদকযন্ত্র
alters,পরিবর্তিত
although,যদিও
altimeter,উচ্চতামাপক যন্ত্র
altimeters,উচ্চতা মাপিবার যন্ত্রবিশেষ
altimetry,উচ্চতামিতি
altitude,খাড়াই
altitudes,টিলা
altitudinal,অনুলংব
alto,সরু
altogether,পুরাপুরি
altogethers,লেলিয়ে
altos,উচ্চ
altruism,পরার্থপরতা
altruisms,পরার্থপরতার
altruist,পরার্থবাদী
altruistic,কল্যাণময়
altruists,পরার্থবাদীদের
alum,ফটকিরি
alumin,অ্যালুমিনিয়াম
alumina,অ্যালুমিনিয়াম ও অক্সিজেনের রাসায়নিক যৌগ
aluminium,অ্যালুমিনিয়াম
aluminized,অ্যালুমিনিয়াম
aluminosilicate,অ্যালুমিনো
aluminous,ফটকিরি - ঘটিত
aluminum,অ্যালুমিনিয়াম
aluminums,অ্যালুমিনিয়াম
alumni,প্রাক্তন ছাত্র
alumnus,প্রাক্তন ছাত্র
alums,ফটকিরি
alveolar,ঝাঁঝর
alveole,ক্ষুদ্র রন্ধ্র
alveoles,ক্ষুদ্র রন্ধ্র
alveoli,ক্ষুদ্র রন্ধ্র
alveolus,ক্ষুদ্র ছিদ্র
always,সবসময়
am,হত্তয়া
ama,আবুল মাল আবদুল
amain,যথাশক্তি
amalgam,মিশ্রণ
amalgamate,জোড়া লাগানো
amalgamated,শওকত
amalgamates,পারদের সহিত মিশ্রিত করা
amalgamating,পারদের সহিত মিশ্রিত করা
amalgamation,সংমিশ্রণ
amalgamations,সংযোগসাধন
amalgams,পারদমিশ্র
amant,প্রেমিক
amanuenses,যে ব্যক্তি শুনিয়া লেখে
amanuensis,শ্রুতিলেখক
amar,িচ্্্্্ু্
amaranth,পারিজাত
amaranthine,চির - অম্লান
amaranths,চির-অম্লান রক্তবর্ণ কল্পপুষ্পবিশেষ
amaryllis,রজনীগন্ধা জাতীয় ফুলের গাছ
amaryllises,রজনীগন্ধা-গোত্রীয় বিভিন্ন বৃক্ষ
amass,জমানো
amassed,জড়
amasses,রাশীকৃত করা
amassing,রাশীকৃত করা
amassment,সঁচয়
amassments,সঁচয়
amateur,অপেশাদার
amateurish,অপেশাদারী
amateurishness,দেশকে মুক্ত
amateurism,পল্লবগ্রাহিতা
amateurs,অপেশাদার
amative,প্রেমপরায়ণ
amatively,প্রেমপরায়নভাবে
amatol,বিস্ফোরক পদার্থ
amatory,স্নেহশীল
amaze,বিস্ময়াবিষ্ট
amazed,বিস্মিত
amazement,আশ্চর্য
amazements,বিস্ময়
amazes,বিস্ময়াভিভূত করা
amazing,আশ্চর্যজনক
amazingly,হয় amazingly
amazon,নারী - সৈনিক
amazonian,রণরঙ্গিণী
amazonians,আলম
amazons,সিদিয়াদেশের পৌরাণিক রণপ্রি়া নারীজাতি
ambari,আমবাড়ী
ambassador,রাষ্ট্রদূত
ambassadorial,রাষ্ট্রদূতসংক্রান্ত
ambassadors,দূত
ambassadress,মহিলা রাষ্ট্রদূত
ambassadresses,মহিলা রাষ্ট্রদূত
ambassage,প্রতিনিধি
amber,অ্যাম্বার
ambergris,অম্বর
ambers,অ্যাম্বার
ambiance,পরিবেশ
ambiances,হচ্ছে পরিবেশের
ambidexter,সব্যসাচী
ambidexterous,সব্যসাচীর ন্যায় গুণবিশিষ্ট
ambidexters,সব্যসাচী
ambidextrous,সব্যসাচী
ambience,বাতাবরণ
ambiences,পরিবেশ
ambient,পরিবেষ্টনকারী
ambients,চৌহদ্দি
ambiguities,অস্পষ্টতা
ambiguity,অস্পষ্টতা
ambiguous,দ্ব্যর্থক
ambit,পরিধি
ambition,উচ্চাকাঙ্ক্ষা
ambitioned,উচ্চাকাঙ্খা
ambitioning,উচ্চাকাঙ্খা
ambitions,উচ্চাকাঙ্ক্ষা
ambitious,উচ্চাভিলাষী
ambits,চৌহদ্দি
ambivalence,বিরোধ
ambivalences,একই ব্যক্তির যুগপৎ বিদ্যমানতা
ambivalency,উভবল
ambivalent,বিরোধী
ambivalently,প্রধানমন্ত্রী টনি ব্লেয়ার
ambiversion,মনের বহির্মুখী ও অন্তর্মুখী প্রবণতার ভারসাম্য
amble,স্বচ্ছন্দগতি
ambled,স্বচ্ছন্দগতিতে চলা
ambler,অশ্ব
amblers,অশ্ব
ambles,স্বচ্ছন্দগতিতে চলা
ambling,স্বচ্ছন্দগতিতে চলা
ambo,উভয়
ambrosia,অমিয়
ambrosial,মধুর
ambrotype,এমব্রোটাইপ
ambulance,অ্যাম্বুলেন্স
ambulances,অ্যাম্বুলেন্স
ambulant,ভ্রাম্যমাণ
ambulate,টহল দেত্তয়া
ambulated,টহল দেত্তয়া
ambulates,টহল দেত্তয়া
ambulating,টহল দেত্তয়া
ambulator,অস্থাবর
ambulatory,চলিষ্ণু
ambuscade,অতর্কিত আক্রমণার্থ গোপনে অবস্থান
ambuscaded,অতর্কিত আক্রমণার্থ গোপনে অবস্থান করান
ambuscades,অতর্কিত আক্রমণার্থ গোপনে অবস্থান করান
ambuscading,অতর্কিত আক্রমণার্থ গোপনে অবস্থান করান
ambush,ত্তৎ পাতা
ambushed,অতর্কিতে আক্রমণ
ambushers,উৎপাদন কমলে
ambushes,অতর্কিত আক্রমণার্থ গোপনে অবস্থান করান
ambushing,অতর্কিত আক্রমণার্থ গোপনে অবস্থান করান
ameba,জীবাণুবিশেষ
amebae,জীবাণুবিশেষ
amebas,জীবাণুবিশেষ
amebic,জীবাণুঘটিত
ameer,আমির
ameers,আমির
ameliorate,উন্নত করা
ameliorated,উন্নতিবিধান করা
ameliorates,উন্নতিবিধান করা
ameliorating,লাঘবে
amelioration,উন্নতি
ameliorations,উন্নত বৈশিষ্ট্য
ameliorative,উন্নতিসাধক
amen,তথাস্তু
amenabilities,দায়িত্ব
amenability,নম্রতা
amenable,এক্তিয়ারভুক্ত
amenableness,দায়বদ্ধতা
amend,সংশোধন করা
amended,সংশোধিত
amending,সংশোধন করা
amendment,সংশোধনী
amendments,সংশোধনী
amends,ক্ষতিপূরণ
amenities,সুযোগ
amenity,বিনয়
amenorrhea,বাধক
amenorrheas,বাধক
amenorrhoea,বাধক
amenorrhoeas,বাধক
amentia,বুদ্ধির জড়তা
amerce,জরিমানা করা
amerced,জরিমানা করা
amercement,অর্থদণ্ড
amercements,দণ্ড
amerces,জরিমানা করা
amercing,জরিমানা করা
america,আমেরিকা
american,আমেরিকান
americans,আমেরিকান
americas,আমেরিকা
americium,কৃত্রিম তেজস্ক্রিয় ধাতব উপাদান
amethyst,নীলা
amethystine,বেগুনী - রক্তাভ
amethysts,পান্নাজাতয়ি মণিবিশেষ
ami,বন্ধু
amiability,সৌজন্য
amiable,বন্ধুভাবাপন্ন
amiableness,সুশীলতা
amiably,অমায়িকভাবে
amicability,সৌজন্য
amicable,বন্ধুত্বপূর্ণ
amicably,আপসে
amice,বন্ধুসুলভ
amici,বন্ধুদের সাথে
amicus,বন্ধু
amid,মধ্যে
amidol,আরও শব্দকোষ
amidship,জাহাজের মধ্যাংশে
amidships,জাহাজের মধ্যাংশে
amidst,অন্তরে
amie,বান্ধবী
amiga,আমিগা
amigas,কাছে পরিচিত করানো
amin,আমিন
amine,অ্যামাইন
amino,অ্যামিনো
amir,আমির
amirate,আমিরি
amirates,আমিরি
amirs,ফয়সালাই
amiss,পথভ্রষ্ট
amities,বন্ধুত্ব
amitriptyline,সিংহাসন
amity,বন্ধুত্ব
amla,আমলা
amman,আম্মান
ammans,আম্মান
ammeter,বিদ্যুপ্রবাহ - পরিমাপন যন্ত্র
ammeters,সম্পত্তির ব্যবস্থাপনা বিভাগ
ammo,গোলাবারুদ
ammon,অম্মোনীয়দের
ammonia,হাইড্রোজেন ত্ত নাইট্রোজেন গ্যাসের মিলনে গ্যাসীয়
ammonias,অ্যামোনিয়া
ammonical,অ্যামোনিয়াম
ammonite,অম্মোনীয়দের
ammonites,অম্মোনীয়দের
ammonium,অ্যামোনিয়াম
ammunition,গুলি
ammunitions,গোলাবারুদ
amnesia,স্মৃতিভ্রংশ
amnesiac,স্মৃতিভ্রষ্ট
amnesias,স্মৃতিবিলোপ
amnestied,দায়ী করা
amnesties,তানিম
amnesty,রাজক্ষমা
amniotic,অ্যামনিয়টিক
amoeba,অ্যামিবা
amoebae,জীবাণুবিশেষ
amoebas,জীবাণুবিশেষ
amoebic,জীবাণুঘটিত
amok,ক্ষিপ্তবৎ
amomum,বড়ো
among,মধ্যে
amongst,মধ্যে
amongst them,তন্মধ্যে
amoral,অনৈতিক
amoralities,নীতিহীনতা
amorality,নীতিহীনতা
amorous,কামার্ত
amorousness,প্রেমাকুলতা
amorphous,নিরাকার
amorphousness,অনিয়তাকারতা
amortisation,ঘাত - শোষণ
amortisations,ঘাত-শোষণ
amortise,পরিচালকসংঘের হাতে দেত্তয়া
amortised,amortized
amortises,পরিচালকসংঘের হাতে দেত্তয়া
amortising,পরিচালকসংঘের হাতে দেত্তয়া
amortizable,তথ্যপ্রযুক্তির
amortization,ঘাত - শোষণ
amortizations,ঘাত-শোষণ
amortize,পরিচালকসংঘের হাতে দেত্তয়া
amortized,পরিচালকসংঘের হাতে দেত্তয়া
amortizes,পরিচালকসংঘের হাতে দেত্তয়া
amortizing,নিকট অর্পণের
amount,পরিমাণ
amounted,বেড়ে ত্তঠা
amounter,পরিমাণ
amounting,বেড়ে ত্তঠা
amounts,পরিমাণে
amour,পিরিত
amour-propre,অভিমান
amourette,নটঘট
amours,প্রণয়
amoxicillin,এমোক্সিসিলিন
amp,রহমান
ampere,বিদ্যুত্প্রবাহের একক
amperes,বিদ্যুত্প্রবাহের একক
amphetamine,অ্যাম্ফিটামিন
amphibia,উভচর
amphibian,উভচর
amphibians,অ্যামফিবিআনস
amphibious,উভচর
amphibole,এম্ফিবোল
amphibolies,দ্ব্যর্থক বাক্য
amphibologies,দ্ব্যর্থক বাক্যাংশ
amphibology,দ্ব্যর্থক বাক্য
amphiboly,দ্ব্যর্থক বাক্য
amphiphile,এম্ফিলিন
amphitheater,অ্যামি্পথিয়েটার
amphitheaters,অ্যামি্পথিয়েটার
amphitheatre,অ্যামি্পথিয়েটার
amphitheatres,অ্যামি্পথিয়েটার
ampicillin,এম্পিসিলিন
amping,amping করার দক্ষতা
ample,প্রশস্ত
ampleness,প্রশস্ততা
ampler,প্রশস্ত
amplest,প্রশস্ত
amplification,বিকাস
amplifications,বিকাস
amplified,ছড়িয়ে
amplifier,পরিবর্ধক
amplifiers,পরিবর্ধক
amplifies,প্রশস্ততা
amplify,প্রশস্ত করা
amplifying,বর্ধিত করা
amplitude,প্রশস্ততা
amplitudes,প্রশস্ততা
amply,পর্যাপ্তভাবে
ampoule,এম্পুল
ampoules,এম্পুল
ampulla,রহমান
amputate,কেড়ে নেত্তয়া
amputated,কর্তিত
amputates,কেড়ে নেত্তয়া
amputating,কেড়ে নেত্তয়া
amputation,অঙ্গচ্ছেদ
amputations,অঙ্গচ্ছেদ
amrit,অমৃত
amrita,অমৃত"
amritsar,অমৃতসর
amu,আমু
amuck,ক্ষিপ্তবৎ
amulet,মাদুলি
amulets,মন্ত্রপূত রক্ষাকবচ
amuse,হাসানো
amused,আমোদিত
amusedly,শুধু কালের
amusement,পরিতৃপ্তি
amusements,আমোদপ্রমোদ
amuses,মাতিয়ে রাখা
amusing,মজাদার
amygdala,এমিগডালা
amyotrophic,অ্যামায়োট্রফিক ল্যাটেরাল
an,একটি
an irony of fate,ভাগ্যের পরিহাস
an open question,বিতর্কের বিষয়
an uneventful life,স্বচ্ছন্দ
an unusual occurrence,বিরল ঘটনা
ana,বাণীসংগ্রহ
anabaptism,খ্রিস্টধর্মনুযায়ী (শৈশবে ও প্রাপ্ত বয়সে) দুইবার পূত বারিদ্বারা অভিসিঞ্চন করার মতবাদ
anabaptist,খ্রিস্টধর্মনুযায়ী (শৈশবে ও প্রাপ্ত বয়সে) দুইবার পূত বারিদ্বারা অভিসিঞ্চন করার মতানুযায়ী
anabolic,এনাবলিক
anabolism,উপচিতি
anabolisms,উপচিতি
anacardium,কাজু
anachorism,স্থানীয় ব্যবস্থা
anachronism,কালবৈষম্য
anachronisms,কালব্যতিক্রম
anacoluthon,বাক্যের পদবিন্যাসে পারস্পর্যহীনতা
anaconda,anaconda দ্বারা
anacondas,বড় অজগর সাপ
anadromous,এ্যানাড্রমাস
anaemia,রক্তাল্পতা
anaemias,রক্তাল্পতা
anaemic,রক্তহীন
anaerobe,মুক্ত অক্সিজেন না পাইয়াত্ত বাঁচিতে
anaerobes,মুক্ত অক্সিজেন না পাইয়াত্ত বাঁচিতে
anaerobic,অবাত
anaesthesia,অবেদন
anaesthesias,অবেদন
anaesthesiology,অ্যানেস্থেসিওলজি
anaesthetic,অবেদনিক
anaesthetics,anesthetics
anaesthetised,অসার
anaesthetising,গ্রন্থি সুস্থ ও সক্রিয়
anaesthetist,অবেদনিক প্রযোগকারী
anaesthetists,anesthetists
anaesthetize,অসাড় করা
anaesthetized,অসাড় করা
anaesthetizes,অসাড় করা
anaesthetizing,অসাড় করা
anagnorises,নাটকের চরম পরিণতি
anagnorisis,নাটকের চরম পরিণতি
anagram,এক বাক্যাংশের বর্ণসমূহের স্থানপরিবর্তনদ্বারা ভিন্ন শব্দ গঠন
anagrams,এক শব্দের বর্ণসমূহের স্থানপরিবর্তন দ্বারা ভিন্ন শব্দ গঠন
anal,পায়ুসংক্রান্ত
analecta,সাহিত্যের টুকিটাকি সংগ্রহ
analects,সাহিত্যের টুকিটাকি সংগ্রহ
analgesia,বেদনাবোধহীনতা
analgesias,বেদনাবোধহীনতা
analgesic,বেদনানাশক
analgesics,বেদনানাশক ঔষধ
analog,এনালগ
analogical,সাদৃশ্যমূলক
analogical knowledge,উপমিতি
analogies,অ্যানালজিস
analogism,সাদৃশ্যভিত্তিক যুক্তিপ্রয়োগনীতি
analogist,সাদৃশ্যবাদী
analogize,উপমা টানা
analogized,খিলাফা
analogon,এনালগ
analogous,অনুরূপ
analogously,অনুরূপভাবে
analogs,সহধর্মীদের
analogue,অনুরূপ উদাহরণ
analogues,সদৃশ উদাহরণ
analogy,উপমা
analysable,বিশ্লেষণযোগ্য
analysand,সিরিয়াল
analyse,বিশ্লেষণ করা
analysed,বিশ্লেষণ
analyser,বিশ্লেষক
analysers,বিশ্লেষক
analyses,বিশ্লেষণ
analysing,বিশ্লেষণ
analysis,বিশ্লেষণ
analyst,বিশ্লেষক
analysts,বিশ্লেষকরা
analytic,বিশ্লেষণমূলক
analytical,বিশ্লেষণাত্মক
analytics,বৈশ্লেষিক ন্যায়
analyze,বিশ্লেষণ করা
analyzed,বিশ্লেষণ
analyzer,বিশ্লেষক
analyzers,বিশ্লেষক
analyzes,বিশ্লেষণ
analyzing,বিশ্লেষণ
anamneses,স্মরণ
anamnesis,মনে পড়া
ananas,আনারস
anapaest,তিনমাত্রাযুক্ত বিশেষ একটি ছন্দ - পর্ব যার প্রথম দুটি মাত্রা হ্রস্ব ও তৃতীয়টি দীর্ঘ
anapests,দিনভর ঝিমুনি
anaphase,অ্যানাফেজ
anarchic,অরাজক
anarchical,অরাজক
anarchies,দেইনি
anarchism,নৈরাজ্যবাদ
anarchisms,নৈরাজ্যবাদ
anarchist,নৈরাজ্যবাদী
anarchistic,নৈরাজ্যবাদী
anarchists,নৈরাজ্যবাদীরা
anarchy,অরাজকতা
anas,আনাস
anastomosis,নির্দিষ্ট Anastomosis
anata,আনাটা
anathema,অভিশাপ
anathemas,অভিশাপ
anathemata,অভিশাপ
anathematize,অভিশাপ দেত্তয়া
anathematized,অভিশাপ দেত্তয়া
anathematizes,অভিশাপ দেত্তয়া
anathematizing,অভিশাপ দেত্তয়া
anatomical,শারীর
anatomies,শারীরস্থান
anatomise,দেহব্যবচ্ছেদ করা
anatomist,শারীরস্থানবিৎ
anatomists,শারীরস্থানবিৎ
anatomize,সূক্ষ্ম বিশ্লেষণ করা
anatomized,অঙ্গব্যবচ্ছেদ করা
anatomizes,অঙ্গব্যবচ্ছেদ করা
anatomizing,অঙ্গব্যবচ্ছেদ করা
anatomy,শারীরস্থান
ancestor,পূর্বপুরুষ
ancestored,পূর্বসূরী
ancestoring,পূর্বসূরী
ancestors,পূর্বপুরুষ
ancestral,পৈতৃক
ancestries,পূর্বপুরুষগণ
ancestry,পূর্বপুরুষগণ
anchor,নোঙর
anchorage,ভরসাস্থল
anchorages,নঙ্গর বাঁধা
anchored,প্রভুভক্ত
anchoret,বৈরাগী
anchorets,বৈরাগী
anchoring,নোঙ্গরকরণ
anchorite,সন্ন্যাসী
anchorites,সন্ন্যাসী
anchorman,সমন্বয়কারী
anchorperson,যৌনকর্মীদের
anchorpersons,বড়
anchors,নোঙ্গর
anchorwoman,সেগুলি টাইপ
anchovies,হেরিং-জাতীয় ক্ষুদ্র মত্স্যবিশেষ
anchovy,হেরিং - জাতীয় ক্ষুদ্র মত্স্যবিশেষ
ancient,প্রাচীন
ancient times,সেকাল
ancienter,প্রাচীন
ancientest,প্রাচীন
anciently,প্রাচীনকালে
ancientness,প্রাচীনতা
ancients,প্রাচীনকালের লোক
ancilla,হস্তনির্মিত
ancillaries,আনুষঙ্গিক বস্তু
ancillary,সহায়ক
ancle,গুলফ
ancon,বন্ধনী
ancora,নোঙ্গর
and,এবং
and no mistake,নিঃসন্দেহে
and the like,ঐ জাতীয়
and what more,এ ছাড়াও
andaman,আন্দামান
anded,এবং
andes,এবং
andesite,আন্ডেসাইট
andhra,অন্ধ্র
anding,এবং
androecium,এন্ড্রসিয়াম
androgen,প্রাণীদেহে উত্পন্ন যে রাসায়নিক রক্তের সংগে মিশে পুরুষদেহের বৈশিষ্ট্যকে প্রকটতর করে ও বজায় রাখে
androgens,ডিম্বানালীতে
androgyne,উভলিঙ্গ
androgynes,উভলিঙ্গ
androgynous,উভলিঙ্গ
android,অ্যান্ড্রয়েড
ands,এবং
anecdotal,অকল্পনীয়
anecdote,কাহিনী
anecdotes,চুটকি মিশিয়ে
anecdotic,কাহিনী - সংক্রান্ত
anecdotical,কাহিনী - সংক্রান্ত
anemia,রক্তাল্পতা
anemias,রক্তাল্পতা
anemic,রক্তহীন
anemograph,বায়ুমানযন্ত্র
anemographs,বায়ুমানযন্ত্র
anemometer,বায়ুমানযন্ত্র
anemometers,বায়ুমানযন্ত্র
anemone,একজাতীয় বনফুল
anemones,বায়ুপরাগী পুষ্পবিশেষ
anemophily,এনিমোফিলি
anerobe,মুক্ত অক্সিজেন না পাইয়াত্ত বাঁচিতে
anes,একটি
anesthesia,অবেদন
anesthesias,অবেদন
anesthesiology,অ্যানেস্থেসিওলজি
anesthetic,অবেদনিক
anesthetics,অনুভূতিনাশক
anesthetist,অবেদনিক প্রযোগকারী
anesthetists,অবেদনিক প্রযোগকারী
anesthetize,অসাড় করা
anesthetized,অসার
anesthetizes,অসাড় করা
anesthetizing,অসাড় করা
anew,নতুনভাবে
anfractuous,আঁকাবাঁকা
anga,অঙ্গ
anganwadi,অঙ্গনওয়াড়ী
angaria,আঙ্গারিয়া
angary,যুদ্ধের প্রয়োজনে যুধ্যমান জাতির নিরপেক্ষ দেশের সম্পত্তি (ক্ষতিপূরণ দিয়া) দখলপূর্বক ব্যবহার বা ধ্বংশ করার অধিকার
angel,দেবদূত
angeled,দেবদূত
angeles,ফেরেশতাগণ
angelhood,দেবদূতত্ব
angelic,দেবদূতোপম
angelica,রাঁধায় ত্ত ঔষধে ব্যবহৃত সুগন্ধী লতাবিশেষ
angelical,দেবদূতসংক্রান্ত
angelicas,রাঁধায় ত্ত ঔষধে ব্যবহৃত সুগন্ধী লতাবিশেষ
angeling,দেবদূত
angels,ফেরেশতাগণ
angelus,ক্যাথলিক সম্প্রদায়ের মধ্যে খ্রিস্টের অবতাররূপে আবির্ভাবের স্মরণে ভক্তিগীতি
anger,রাগ
angered,কুপিত
angering,ক্রুদ্ধ করান
angers,ক্রুদ্ধ করান
angina,কণ্ঠনালীপ্রদাহ
anginas,কণ্ঠনালীপ্রদাহ
angiograms,শর্তে
angioplasty,পুষ্টির চাহিদা
angiosperm,অ্যাঞ্জিওস্পার্ম
angle,কোণ
angle of vision,দৃষি্টভঙ্গি
angled,কোণবিশিষ্ট
angler,যে ছিপ দিয়ে মাছ ধরে
angles,কোণ
angleworm,কীড়া
angleworms,কীড়া
anglican,বিলাতী
anglice,আছে ইংরেজিতে
anglicism,ইংরেজজাতির বৈশিষ্ট্য
anglicisms,ইংরেজজাতির বৈশিষ্ট্য
anglicist,ইংরেজী ভাষা বা সাহিত্যে পারদর্শী ব্যক্তি
anglicize,ইংরেজ চরিত্র বা রূপ দেওয়া
anglicized,ইংরেজদের অনুরূপ করা
anglicizes,ইংরেজদের অনুরূপ করা
anglicizing,ইংরেজদের অনুরূপ করা
angling,ছিপ দিয়ে মাছ ধরা বা মাছ ধরার পদ্ধতি
anglo,এংলো
anglomania,ইংরেজিপনা
anglomanias,ইংজের-প্রীতির বাতিক
anglophilia,ইংরেজপ্রীতি
anglophobia,ইঙ্গ - ভীতি
anglophone,অ্যাগ্লোফোন
angola,অ্যাঙ্গোলা
angolan,অ্যাঙ্গোলীয়
angora,আংকারা - দেশীয় ছাগ
angoras,আংকারা-দেশীয় ছাগ
angrier,ক্রুদ্ধ
angries,ক্রুদ্ধ
angriest,অমুসলিম ভূমিতে বসবাসকারীদের
angrily,ক্রুদ্ধ
angry,ক্রুদ্ধ
angry roar,তর্জন
angry shout,তর্জন
angst,উদ্বেগ
angstrom,সামাজিক মর্যাদাও একই পর্যায়ের
anguilla,অ্যাঙ্গুইল্লা
anguine,সর্পের
anguish,যন্ত্রণা
anguished,বেদনাময়
anguishes,যন্ত্রণা
anguishing,ক্রমশ: একাকী
angular,কৌণিক
angularities,সরকারদলীয়
angularity,গোল
anhydrous,নির্জল
anicca,যিনি অনুরূপভাবে আচরণ
anil,নীলের চারা
anile,বুড়ির মত
anilin,পূর্বে নীল হতে এবং বর্তমানে আলকাতরা হতে প্রাপ্ত রাসায়নিক রঞ্জক পদার্থবিশেষ
aniline,রঞ্জক পদার্থ
anility,বৃদ্ধাবস্থা
anils,নীলের চারা
animadversion,নিন্দা
animadversions,নিন্দা
animadvert,নিন্দা করা
animadverted,নিন্দিত
animadverter,নিন্দুক
animadverters,নিন্দক
animadverting,সমালোচনা করা
animadverts,সমালোচনা করা
animal,পশু
animal fat,জান্তব চর্বি
animal skin,পশুচর্ম
animal spirit,সজীবতা
animalism,পাশবতা
animalities,পশুত্ব
animality,পশুত্ব
animally,কি দেখেননি
animals,প্রাণী
animate,সজীব
animated,প্রাণবন্ত
animated cartoon,ব্যঙ্গচিত্র আঁকা
animater,প্রাণসঞ্চার